name,url,inn,ogrn,registration_date,director_since,has_ceo_history,arbitr_cases_count,revenue,profit,email,website,matched,reasons
"ООО ""ТД ""Ункомтех""",https://www.rusprofile.ru/id/3463039,,,16.09.2005,с 14 октября 2011 г.,False,639,39000000000,645000000,adobretski@irkutskkabel.ru,uncomtech.com,False,"['нет плашки истории руководителей', 'выручка положительная', 'прибыль положительная']"
"АО ""ГМЗ ""Химмаш""",https://www.rusprofile.ru/id/3661793,,,13.11.2002,с 23 сентября 2024 г.,True,89,12000000000,394000000,uvg@newbizline.ru,uniclimatics.ru,False,"['выручка положительная', 'прибыль положительная']"
"ООО ""Оптима Сервис""",https://www.rusprofile.ru/id/4297437,,,29.09.2008,с 19 марта 2025 г.,True,172,2600000000,37000000,dir@optima-s.com,optima-s.com,False,"['выручка положительная', 'прибыль положительная']"
"ООО ""Технониколь-Строительные Системы""",https://www.rusprofile.ru/id/7789085,,,15.04.2004,с 19 марта 2013 г.,False,262,204000000000,23000000000,gr@tn.ru,boernerfoam.ru,False,"['нет плашки истории руководителей', 'выручка положительная', 'прибыль положительная']"
"ООО ""Д-Строй""",https://www.rusprofile.ru/id/3683125,,,22.03.2006,с 3 октября 2023 г.,True,8,1600000000,48000,fudlendpskov@mail.ru,,False,"['выручка положительная', 'прибыль положительная', 'нет сайта или почты']"
"ООО ""Борк-Импорт""",https://www.rusprofile.ru/id/2803903,,,24.11.2006,с 16 марта 2026 г.,True,47,13000000000,610000000,studio-artika@yandex.ru,bork.ru,False,"['выручка положительная', 'прибыль положительная']"
"ООО ""Хайнеманн Медицинтехник""",https://www.rusprofile.ru/id/2390580,,,01.04.2008,с 1 ноября 2016 г.,True,127,3200000000,-108000000,info@heinemann.ru,heinemann.ru,False,['выручка положительная']
"ООО ""Туплекс""",https://www.rusprofile.ru/id/3936110,,,15.04.2004,с 22 мая 2015 г.,False,94,1800000000,53000000,dichu@list.ru,tuplex.ru,False,"['нет плашки истории руководителей', 'выручка положительная', 'прибыль положительная']"
"ООО ""Лоза""",https://www.rusprofile.ru/id/1556890,,,04.04.2006,с 24 апреля 2025 г.,True,4,414000000,5800000,loz.a@rambler.ru,lozarus.ru,False,"['арбитражных дел не больше 5', 'выручка положительная', 'прибыль положительная']"
"ООО ""Фомлайн""",https://www.rusprofile.ru/id/154474,,,01.03.2001,с 30 июня 2017 г.,True,30,10000000000,2800000000,dolinaty@foamline.com,fmln.ru,False,"['выручка положительная', 'прибыль положительная']"
"ООО ""Авантаж Инжиниринг""",https://www.rusprofile.ru/id/1459041,,,10.11.2009,с 12 сентября 2025 г.,True,114,2800000000,161000000,office.msk@tdavantage.ru,tdavantage.ru,False,"['выручка положительная', 'прибыль положительная']"
"ООО ""Стеклонит Менеджмент""",https://www.rusprofile.ru/id/1443271,,,04.11.2002,с 17 февраля 2025 г.,True,54,1300000000,5600000,a.strizhak@ruscompozit.com,steklonit.com,False,"['выручка положительная', 'прибыль положительная']"
"ООО ""ЦУП Чэаз""",https://www.rusprofile.ru/id/2537946,,,28.07.2003,с 16 февраля 2026 г.,True,187,6300000000,55000000,shurdov@gmail.com,cheaz.ru,False,"['выручка положительная', 'прибыль положительная']"
"ООО ""Эсаб""",https://www.rusprofile.ru/id/4195568,,,04.12.2000,,True,70,15000000000,1300000000,info@esab.ru,esab.ru,False,"['выручка положительная', 'прибыль положительная']"
"ООО ""Керамик Солюшнс Рус""",https://www.rusprofile.ru/id/805546,,,19.04.2007,,True,93,9800000000,431000000,info@cersanit.ru,www.cersanit.ru,False,"['выручка положительная', 'прибыль положительная']"
"ООО ""Квазар""",https://www.rusprofile.ru/id/1074561,,,15.06.1999,,True,1,308000000,34000000,kvazar881@mail.ru,,False,"['арбитражных дел не больше 5', 'выручка положительная', 'прибыль положительная', 'нет сайта или почты']"
"ООО ""ТД Епк""",https://www.rusprofile.ru/id/2270796,,,26.01.2001,,False,347,19000000000,1500000000,td-galina@epkgroup.ru,epkgroup.ru,False,"['нет плашки истории руководителей', 'выручка положительная', 'прибыль положительная']"
"ООО ""Центртехформ""",https://www.rusprofile.ru/id/2483696,,,08.02.2005,с 29 марта 2007 г.,False,59,1600000000,21000000,artpolu@yandex.ru,ctf-m.ru,False,"['нет плашки истории руководителей', 'выручка положительная', 'прибыль положительная']"
"ООО ""Акрос""",https://www.rusprofile.ru/id/2632974,,,14.03.2000,с 18 июня 2021 г.,True,96,14000000000,916000000,info@akros-llc.com,akros-llc.com,False,"['выручка положительная', 'прибыль положительная']"
"ООО ""Интерэнерго""",https://www.rusprofile.ru/id/1935458,,,16.12.2004,с 25 января 2022 г.,True,83,9900000000,250000000,bershadskij_ap@interenergo.info,,False,"['выручка положительная', 'прибыль положительная', 'нет сайта или почты']"
"ООО ""ТД Полиметалл""",https://www.rusprofile.ru/id/3429129,,,14.04.2005,,False,185,40000000000,445000000,demeshina@polymetal.ru,polymetal.ru,False,"['нет плашки истории руководителей', 'выручка положительная', 'прибыль положительная']"
"ООО ""Голд ПАК""",https://www.rusprofile.ru/id/2170084,,,08.11.2007,с 20 октября 2017 г.,True,57,1400000000,34000000,shop@gold-pack.ru,goldpack-russia.ru,False,"['выручка положительная', 'прибыль положительная']"
"ООО ""Артсана Рус""",https://www.rusprofile.ru/id/940761,,,03.08.2005,с 24 июля 2025 г.,True,38,684000000,27000000,soc.chicco.ru@gmail.com,chicco.com,False,"['выручка положительная', 'прибыль положительная']"
"ООО ""Ланит-Интеграция""",https://www.rusprofile.ru/id/2173311,,,28.07.2008,,True,182,16000000000,171000000,it@lanit.ru,lanit.ru,False,"['выручка положительная', 'прибыль положительная']"
"ООО ""Пренто""",https://www.rusprofile.ru/id/7167772,,,18.02.2014,с 7 мая 2015 г.,True,71,1700000000,498000,dmitriy.yanov@thppl.ru,pren-to.ru,False,"['выручка положительная', 'прибыль положительная']"
"ООО ""Торговый Дом БМЗ""",https://www.rusprofile.ru/id/617056,,,05.10.2007,с 26 июля 2024 г.,True,184,55000000000,-336000000,info@bmzm.ru,bmzm.ru,False,['выручка положительная']
"ООО ""ТД ""Метродеталь""",https://www.rusprofile.ru/id/3056983,,,05.04.2007,с 16 марта 2022 г.,True,18,517000000,74000000,metrodetal@yandex.ru,,False,"['выручка положительная', 'прибыль положительная', 'нет сайта или почты']"
"ООО ""Седо Хаусхолд Продактс""",https://www.rusprofile.ru/id/1259060,,,20.01.1997,с 12 сентября 2019 г.,True,44,1600000000,-223000000,maria.matviets@cedo.com,www.paclan.ru,False,['выручка положительная']
"АО ""Астрал СНГ""",https://www.rusprofile.ru/id/22870,,,30.03.2000,с 22 января 2025 г.,True,16,833000000,90000000,info@astralpool.ru,astralpool.ru,False,"['выручка положительная', 'прибыль положительная']"
"ООО ""Группа ""Нефтехиммаш""",https://www.rusprofile.ru/id/1985281,,,27.03.2007,с 16 января 2019 г.,True,20,1200000000,98000000,inahodec@gmail.com,neftekhimmash.ru,False,"['выручка положительная', 'прибыль положительная']"
"ООО ""Олимп-Трейд""",https://www.rusprofile.ru/id/1457275,,,12.10.2005,с 6 августа 2014 г.,False,497,28000000000,164000000,info@olymp-trade.com,olymp-trade.com,False,"['нет плашки истории руководителей', 'выручка положительная', 'прибыль положительная']"
"ООО ""Сибиэй Рус""",https://www.rusprofile.ru/id/5587900,,,03.06.2011,с 31 января 2024 г.,True,4,1400000000,,semidarus@bk.ru,cba-rus.ru,False,"['арбитражных дел не больше 5', 'выручка положительная']"
"ООО ""Профкомплект""",https://www.rusprofile.ru/id/1139536,,,13.02.2008,с 5 февраля 2025 г.,True,44,622000000,8500000,info@profkompl.ru,profkompl.ru,False,"['выручка положительная', 'прибыль положительная']"
"ООО ""Гранит""",https://www.rusprofile.ru/id/1207700473595,,,11.12.2020,с 15 октября 2025 г.,True,5,367000000,452000,ooogranit145@gmail.com,,False,"['арбитражных дел не больше 5', 'выручка положительная', 'прибыль положительная', 'нет сайта или почты']"
"ООО ""Промкомплект МСК""",https://www.rusprofile.ru/id/7731065,,,20.07.2015,с 26 июля 2024 г.,True,4,511000000,51000,promkomplekt.ms@yandex.ru,www.promkomplektmsk.ru,False,"['арбитражных дел не больше 5', 'выручка положительная', 'прибыль положительная']"
"ООО""Полимерупак""",https://www.rusprofile.ru/id/5433847,,,07.10.2010,с 22 декабря 2021 г.,True,45,938000000,497000,polimerupak-2022@mail.ru,полимер-упак.рф,False,"['выручка положительная', 'прибыль положительная']"
"АО ""ТТК Холдинг""",https://www.rusprofile.ru/id/4397194,,,04.08.2005,с 3 февраля 2025 г.,True,82,1200000000,76000000,info@tk-sibkabel.ru,tk-sibkabel.ru,False,"['выручка положительная', 'прибыль положительная']"
"ООО ""Ремавтоснаб""",https://www.rusprofile.ru/id/2420542,,,29.07.2005,с 5 мая 2012 г.,False,28,340000000,7800000,order@remautosnab.ru,ремавтоснаб.рф,False,"['нет плашки истории руководителей', 'выручка положительная', 'прибыль положительная']"
"ООО ""Гран Груп""",https://www.rusprofile.ru/id/1014970,,,29.01.2002,с 20 июня 2022 г.,True,55,1500000000,155000000,saunanen@ncab.ru,ncabgroup.com,False,"['выручка положительная', 'прибыль положительная']"
"АО ""Норрексим Рус""",https://www.rusprofile.ru/id/1725991,,,12.05.2000,с 15 мая 2017 г.,True,21,8500000000,941000000,norrexim@norrexim.ru,norrexim.ru,False,"['выручка положительная', 'прибыль положительная']"
"ООО ""Имотэк""",https://www.rusprofile.ru/id/3252646,,,31.03.2008,с 28 октября 2019 г.,True,51,1100000000,78000000,info@imotech.ru,imotech.ru,False,"['выручка положительная', 'прибыль положительная']"
"ООО ""Техдоринвест""",https://www.rusprofile.ru/id/6034492,,,09.04.2012,с 9 февраля 2022 г.,True,127,2500000000,-17000000,tdi_berezina@mail.ru,tehdorinvest.ru,False,['выручка положительная']
"ООО ""Химпек""",https://www.rusprofile.ru/id/833715,,,23.07.2004,с 16 августа 2017 г.,True,14,461000000,4600000,info@himpek.ru,himpek.ru,False,"['выручка положительная', 'прибыль положительная']"
"ООО ""Сервис Групп""",https://www.rusprofile.ru/id/2188133,,,14.08.2009,с 8 февраля 2023 г.,True,7,386000000,13000000,info@fromair.ru,sgllc.ru,False,"['выручка положительная', 'прибыль положительная']"
"ООО ""Техническая Служба""",https://www.rusprofile.ru/id/1085422,,,13.07.2006,с 5 июля 2017 г.,True,15,3700000000,90000000,info@stz.msk.ru,stz.msk.ru,False,"['выручка положительная', 'прибыль положительная']"
"ООО ""НПЦ ""Гранат""",https://www.rusprofile.ru/id/1360726,,,03.10.2005,с 19 декабря 2016 г.,True,27,353000000,33000000,granat@npcgranat.ru,npcgranat.ru,False,"['выручка положительная', 'прибыль положительная']"
"ООО ""Меезенбург""",https://www.rusprofile.ru/id/1697116,,,14.12.1996,с 12 августа 2022 г.,True,56,1400000000,70000000,s.mettler@meesenburg.ru,meesenburg.ru,False,"['выручка положительная', 'прибыль положительная']"
"АО ""ОК Русал ТД""",https://www.rusprofile.ru/id/4274717,,,15.03.2000,с 10 сентября 2025 г.,True,465,40000000000,29000000,marketing@rusal.ru,rusal.com,False,"['выручка положительная', 'прибыль положительная']"
"ООО ""Автодормех""",https://www.rusprofile.ru/id/293842,,,17.01.2007,,True,7,536000000,7900000,oavtodormekh@mail.ru,avtodormeh.ru,False,"['выручка положительная', 'прибыль положительная']"
"ООО ""Агросогласие""",https://www.rusprofile.ru/id/1237700954171,,,29.12.2023,с 28 июня 2024 г.,True,4,5600000000,95000000,agrosog@mail.ru,,False,"['арбитражных дел не больше 5', 'выручка положительная', 'прибыль положительная', 'нет сайта или почты']"
"ООО ""Алкор Био""",https://www.rusprofile.ru/id/2162859,,,24.02.2005,с 16 мая 2022 г.,True,22,1100000000,170000,n2734935@yandex.ru,,False,"['выручка положительная', 'прибыль положительная', 'нет сайта или почты']"
"ООО ""Рэмнефтегаз""",https://www.rusprofile.ru/id/3265912,,,24.10.2000,с 15 октября 2007 г.,True,14,1100000000,199000000,info@remneftegaz.ru,remneftegaz.ru,False,"['выручка положительная', 'прибыль положительная']"
"ООО ""Русэкспорт""",https://www.rusprofile.ru/id/3983647,,,22.10.2002,с 24 февраля 2026 г.,True,3,651000000,25000000,rus.eksport@rambler.ru,rusexportpro.ru,False,"['арбитражных дел не больше 5', 'выручка положительная', 'прибыль положительная']"
"ООО ""Иском""",https://www.rusprofile.ru/id/1732959,,,23.11.2007,с 24 июня 2022 г.,True,3,1400000000,-21000000,contact@iskom.biz,,False,"['арбитражных дел не больше 5', 'выручка положительная', 'нет сайта или почты']"
"ООО ""Адгейзер""",https://www.rusprofile.ru/id/1642270,,,27.03.2003,с 28 августа 2018 г.,True,26,559000000,23000000,adheser@adheser.ru,adheser.ru,False,"['выручка положительная', 'прибыль положительная']"
"АО ""ТПК ""Квадро-Импэкс""",https://www.rusprofile.ru/id/3940174,,,15.03.2000,с 12 декабря 2014 г.,False,56,1200000000,2800000,123@4480000.ru,kvadro-impex.ru,False,"['нет плашки истории руководителей', 'выручка положительная', 'прибыль положительная']"
"ООО ""Визит-Москва""",https://www.rusprofile.ru/id/3709277,,,29.07.1993,с 18 октября 2021 г.,True,41,614000000,12000000,info@visit-m.ru,visitm.ru,False,"['выручка положительная', 'прибыль положительная']"
"ООО ""УТС Технониколь""",https://www.rusprofile.ru/id/2398714,,,04.12.2000,,True,2660,32000000000,1000000000,zakaz-info@tstn.ru,krovizol.ru,False,"['выручка положительная', 'прибыль положительная']"
"ООО ""Вторсплав""",https://www.rusprofile.ru/id/5211842,,,08.11.2010,с 27 мая 2026 г.,True,5,1100000000,3400000,3801229@mail.ru,,False,"['арбитражных дел не больше 5', 'выручка положительная', 'прибыль положительная', 'нет сайта или почты']"
"ООО ""Муроммаш Лит""",https://www.rusprofile.ru/id/130084,,,19.04.2004,с 5 июля 2022 г.,True,52,857000000,-3400000,murommash_lit@mail.ru,,False,"['выручка положительная', 'нет сайта или почты']"
"ООО ""Корпорация Энергомашэкспорт""",https://www.rusprofile.ru/id/1122955,,,19.05.1997,с 18 октября 2016 г.,True,21,1700000000,-97000000,mue@emeco.ru,emeco.ru,False,['выручка положительная']
"ООО ""Максимум""",https://www.rusprofile.ru/id/6778870,,,24.10.2012,с 1 октября 2019 г.,True,10,302000000,-45000000,buh@ooomaximum.ru,ooomaximum.ru,False,['выручка положительная']
"ООО ""Морошка""",https://www.rusprofile.ru/id/298760,,,17.03.2004,с 2 октября 2008 г.,False,30,531000000,-12000000,info@santonit.ru,likemyhome.ru,False,"['нет плашки истории руководителей', 'выручка положительная']"
"ООО ""Ди.Ар.Ви.""",https://www.rusprofile.ru/id/3906009,,,01.10.2002,с 25 апреля 2025 г.,True,8,339000000,-11000000,22sales@d-r-v.ru,d-r-v.ru,False,['выручка положительная']
"ООО ""Посмотека""",https://www.rusprofile.ru/id/1382072,,,04.08.2003,,False,114,3700000000,60000000,antipova_t@pvg.ru,pvg.ru,False,"['нет плашки истории руководителей', 'выручка положительная', 'прибыль положительная']"
"АО ""ФТ""",https://www.rusprofile.ru/id/1701763,,,11.10.2007,с 11 марта 2025 г.,True,27,2700000000,227000000,7733625292_773301001@eo.tensor.ru,aviahelp.ru,False,"['выручка положительная', 'прибыль положительная']"
"ООО ""Трейдкомфорт-Сибирь""",https://www.rusprofile.ru/id/3389832,,,17.04.2008,с 17 апреля 2008 г.,False,59,602000000,1400000,tomsk@trade-comfort.ru,trade-comfort.ru,False,"['нет плашки истории руководителей', 'выручка положительная', 'прибыль положительная']"
"ООО ""Скипер""",https://www.rusprofile.ru/id/10684871,,,10.10.2016,с 1 июля 2022 г.,True,1,326000000,573000,,,False,"['арбитражных дел не больше 5', 'выручка положительная', 'прибыль положительная', 'нет сайта или почты']"
"ТВ ""Ад Русс"" и КО""",https://www.rusprofile.ru/id/4341121,,,06.03.2003,с 10 декабря 2004 г.,False,4,6100000000,191000000,adrussia@adrussia.ru,adrussia.ru,False,"['нет плашки истории руководителей', 'арбитражных дел не больше 5', 'выручка положительная', 'прибыль положительная']"
"ООО ""ЗГ Строймонтаж""",https://www.rusprofile.ru/id/839105,,,10.04.1997,с 5 декабря 2008 г.,False,57,11000000000,1900000000,not6682603@yandex.ru,zgstm.ru,False,"['нет плашки истории руководителей', 'выручка положительная', 'прибыль положительная']"
"ООО ""Альянс-Про""",https://www.rusprofile.ru/id/10411509,,,28.03.2016,с 29 июля 2025 г.,True,9,1000000000,24000000,info@alliance-p.ru,alliance-p.ru,False,"['выручка положительная', 'прибыль положительная']"
"ООО ""ТД"" Доктор Аппетит""",https://www.rusprofile.ru/id/5651613,,,12.04.2011,с 5 июня 2024 г.,True,15,4000000000,14000000,konstantin.gusyatinskiy@capitalnd.ru,ivoin.ru,False,"['выручка положительная', 'прибыль положительная']"
"ООО ""Уникс""",https://www.rusprofile.ru/id/11298773,,,15.01.2018,с 21 сентября 2023 г.,True,6,1500000000,294000000,sales6@unix.ru.com,goods-pro.ru,False,"['выручка положительная', 'прибыль положительная']"
"ООО ТД ""Ито-Туламаш""",https://www.rusprofile.ru/id/10860934,,,30.01.2017,с 10 ноября 2022 г.,True,125,424000000,6000000,info@itotulamash.ru,itotulamash.ru,False,"['выручка положительная', 'прибыль положительная']"
"ООО ""Русбытхим""",https://www.rusprofile.ru/id/223738,,,19.03.2008,с 11 июля 2018 г.,True,30,989000000,83000000,e.muravieva@rusautolack.ru,rusautolack.ru,False,"['выручка положительная', 'прибыль положительная']"
"АО ""Контракт""",https://www.rusprofile.ru/id/3642610,,,02.12.1992,с 18 августа 2010 г.,False,54,1800000000,37000000,frame@tsb-oao-kontrakt.ru,,False,"['нет плашки истории руководителей', 'выручка положительная', 'прибыль положительная', 'нет сайта или почты']"
"АО ""УК ""Транссервисгрупп""",https://www.rusprofile.ru/id/282184,,,15.08.2007,с 21 мая 2015 г.,False,0,1100000000,308000000,info@tservicegroup.ru,mc-tsg.ru,False,"['нет плашки истории руководителей', 'арбитражных дел не больше 5', 'выручка положительная', 'прибыль положительная']"
"ООО ""Металкор Трэйд""",https://www.rusprofile.ru/id/3044863,,,19.07.2004,с 19 апреля 2022 г.,True,141,2300000000,-182000000,sales@metalcortrade.ru,www.metalcortrade.ru,False,['выручка положительная']
"ООО ""Лидер""",https://www.rusprofile.ru/id/3670803,,,05.10.2009,с 3 октября 2014 г.,False,26,4700000000,33000000,rybnikova@stroycity.ru,stroycity.ru,False,"['нет плашки истории руководителей', 'выручка положительная', 'прибыль положительная']"
"ООО ""Компания Павлов""",https://www.rusprofile.ru/id/4123131,,,26.04.2002,с 19 августа 2025 г.,True,3,2000000000,-916000000,info@pavlov-company.ru,pavlov-company.ru,False,"['арбитражных дел не больше 5', 'выручка положительная']"
"АО ""Техинжойл""",https://www.rusprofile.ru/id/87583,,,12.05.2000,с 23 декабря 2011 г.,False,17,681000000,33000000,info@teoil.ru,teoil.ru,False,"['нет плашки истории руководителей', 'выручка положительная', 'прибыль положительная']"
"ООО ""Селена Восток""",https://www.rusprofile.ru/id/3817286,,,18.05.2007,,True,65,7200000000,181000000,office@selenavostok.ru,www.selenavostok.ru,False,"['выручка положительная', 'прибыль положительная']"
"ООО ""Иллюзион Групп""",https://www.rusprofile.ru/id/10485373,,,18.05.2016,,True,1,894000000,5300000,illuziongroup@proton.me,ooo-illuziongroup.ru,False,"['арбитражных дел не больше 5', 'выручка положительная', 'прибыль положительная']"
"ООО ""Рэйлальянс""",https://www.rusprofile.ru/id/1845819,,,27.03.2003,с 8 августа 2023 г.,True,265,44000000000,847000000,a.arykova@railall.ru,railall.ru,False,"['выручка положительная', 'прибыль положительная']"
"ООО ""Капри""",https://www.rusprofile.ru/id/11781530,,,06.05.2019,с 20 февраля 2023 г.,True,8,516000000,3700000,kapri_2020@inbox.ru,betonych.com,False,"['выручка положительная', 'прибыль положительная']"
"ООО ""Бис Рус""",https://www.rusprofile.ru/id/1884119,,,14.12.2006,с 19 сентября 2022 г.,True,1,377000000,14000000,info@bisrus.com,bisrus.com,False,"['арбитражных дел не больше 5', 'выручка положительная', 'прибыль положительная']"
"ООО ""Хр. Хансен""",https://www.rusprofile.ru/id/4435843,,,17.02.1999,с 7 февраля 2025 г.,True,13,1800000000,101000000,rudets@chr-hansen.com,chr-hansen.com,False,"['выручка положительная', 'прибыль положительная']"
"АО ""Спарта""",https://www.rusprofile.ru/id/4103862,,,24.06.2002,с 17 марта 2017 г.,True,17,1500000000,938000,ivashko@sparta.com.ru,sparta-components.ru,False,"['выручка положительная', 'прибыль положительная']"
"ЗАО"" НПК Эллирон""",https://www.rusprofile.ru/id/3713203,,,12.05.2000,с 13 сентября 2022 г.,True,91,4000000000,284000000,elliron@elliron.com,elliron.ru,False,"['выручка положительная', 'прибыль положительная']"
"АО ""Бик СНГ""",https://www.rusprofile.ru/id/756738,,,12.11.1996,с 29 декабря 2022 г.,True,35,4800000000,710000000,reseption.moscow@bicworld.com,bicworld.com,False,"['выручка положительная', 'прибыль положительная']"
"ООО ""Гермес""",https://www.rusprofile.ru/id/3702530,,,22.08.2007,с 17 июня 2011 г.,False,38,3900000000,158000000,germas@germes-ufa.ru,germes-ltd.ru,False,"['нет плашки истории руководителей', 'выручка положительная', 'прибыль положительная']"
"ООО ""Автоэлектроконтакт Новые Технологии""",https://www.rusprofile.ru/id/3519106,,,07.08.2000,с 19 июня 2007 г.,False,7,840000000,65000000,info@avtocontact.ru,avtocontact.ru,False,"['нет плашки истории руководителей', 'выручка положительная', 'прибыль положительная']"
"ООО ""Глобал-Клин""",https://www.rusprofile.ru/id/6889304,,,27.05.2013,с 31 июля 2023 г.,True,22,416000000,25000000,buhgalter@global-vet.ru,global-vet.ru,False,"['выручка положительная', 'прибыль положительная']"
"ООО ""АП ""Взлет""",https://www.rusprofile.ru/id/1276748,,,17.03.1992,с 17 апреля 2019 г.,True,4,333000000,120000,buh@ap-vzlet.ru,,False,"['арбитражных дел не больше 5', 'выручка положительная', 'прибыль положительная', 'нет сайта или почты']"
"АО ""Фармамед""",https://www.rusprofile.ru/id/566657,,,28.02.1995,с 1 августа 2024 г.,True,32,6300000000,2000000000,info@pharmamed.ru,pharmamed.ru,False,"['выручка положительная', 'прибыль положительная']"
"ООО ""Империал-Групп""",https://www.rusprofile.ru/id/5458176,,,28.12.2010,с 26 сентября 2022 г.,True,17,3600000000,302000000,info@impgrupp.ru,impgrupp.ru,False,"['выручка положительная', 'прибыль положительная']"
"ООО ""Совмясторг""",https://www.rusprofile.ru/id/1234097,,,03.03.2004,с 23 ноября 2015 г.,True,7,717000000,51000000,eroshkina@sovmiastorg.ru,sovmiastorg.ru,False,"['выручка положительная', 'прибыль положительная']"
"ООО ""Техком""",https://www.rusprofile.ru/id/1318600,,,27.11.2008,с 8 ноября 2011 г.,False,45,612000000,2000000,tehkom08@mail.ru,,False,"['нет плашки истории руководителей', 'выручка положительная', 'прибыль положительная', 'нет сайта или почты']"
"ООО ""Керхер""",https://www.rusprofile.ru/id/1339933,,,05.02.2004,с 8 апреля 2022 г.,True,196,8800000000,268000000,info@ru.kaercher.com,kaercher.com,False,"['выручка положительная', 'прибыль положительная']"
"ООО ""Комус""",https://www.rusprofile.ru/id/6907446,,,06.05.2013,с 13 мая 2025 г.,True,2222,147000000000,1200000000,aloev@komus.net,,False,"['выручка положительная', 'прибыль положительная', 'нет сайта или почты']"
"ООО ""Скат""",https://www.rusprofile.ru/id/1311420,,,22.01.1998,с 6 марта 2008 г.,False,102,897000000,74000000,info@zoomlion-bobcat.ru,zoomlion-bobcat.ru,False,"['нет плашки истории руководителей', 'выручка положительная', 'прибыль положительная']"
"ООО ""Торговый Дом ""Папиллонс-Регион""",https://www.rusprofile.ru/id/7848116,,,01.10.2015,с 6 сентября 2022 г.,True,32,1300000000,14000000,chel@thppl.ru,ppl-rgn.ru,False,"['выручка положительная', 'прибыль положительная']"
"ООО ""Ковен""",https://www.rusprofile.ru/id/816920,,,27.04.2000,с 27 ноября 2020 г.,True,30,1000000000,7600000,info@coven-m.ru,coven-m.ru,False,"['выручка положительная', 'прибыль положительная']"
"ООО ""Новая Линия""",https://www.rusprofile.ru/id/863460,,,03.02.2009,с 25 декабря 2013 г.,False,67,5300000000,89000000,julia.puzik@nlgsm.ru,vipabonent.ru,False,"['нет плашки истории руководителей', 'выручка положительная', 'прибыль положительная']"
"ООО ""Альфа-Арс""",https://www.rusprofile.ru/id/3442150,,,20.03.1992,с 13 июня 2018 г.,True,67,315000000,-40000000,notary999@yandex.ru,alfa-ars.ru,False,['выручка положительная']
"ООО ""Ника-Премьер""",https://www.rusprofile.ru/id/5636956,,,26.09.2011,с 24 января 2025 г.,True,0,751000000,4900000,ooo.nika-premyer@ro.ru,nika-premer.ru,False,"['арбитражных дел не больше 5', 'выручка положительная', 'прибыль положительная']"
"ООО ""ТК""Гранд""",https://www.rusprofile.ru/id/1536582,,,07.10.2003,с 3 ноября 2023 г.,True,0,1000000000,26000000,fpobpg@mail.ru,,False,"['арбитражных дел не больше 5', 'выручка положительная', 'прибыль положительная', 'нет сайта или почты']"
"ООО ""Ликви Моли Руссланд""",https://www.rusprofile.ru/id/7248545,,,07.05.2014,с 17 марта 2022 г.,True,58,5100000000,555000000,a.gorodkov@liquimoly.ru,www.liquimoly.ru,False,"['выручка положительная', 'прибыль положительная']"
"ООО ""Микар""",https://www.rusprofile.ru/id/7724896,,,05.02.2015,с 26 декабря 2023 г.,True,20,547000000,2000000,9456300@mail.ru,,False,"['выручка положительная', 'прибыль положительная', 'нет сайта или почты']"
"ООО""Безанта""",https://www.rusprofile.ru/id/3642088,,,24.08.1999,с 21 апреля 2025 г.,True,9,801000000,4400000,2316421@gmail.com,hotel-citi.ru,False,"['выручка положительная', 'прибыль положительная']"
"ООО ""Интеропт""",https://www.rusprofile.ru/id/11180300,,,28.09.2017,с 6 декабря 2022 г.,True,7,3700000000,1200000,,,False,"['выручка положительная', 'прибыль положительная', 'нет сайта или почты']"
"ООО ""Оптик-Клуб""",https://www.rusprofile.ru/id/1379165,,,19.06.2003,с 29 декабря 2009 г.,False,39,5300000000,40000000,notary99@yandex.ru,optic-club.ru,False,"['нет плашки истории руководителей', 'выручка положительная', 'прибыль положительная']"
"ООО ""Триал Маркет""",https://www.rusprofile.ru/id/3622703,,,26.03.2001,с 6 мая 2008 г.,False,1624,5000000000,-80000000,griae@trial-market.ru,,False,"['нет плашки истории руководителей', 'выручка положительная', 'нет сайта или почты']"
"ООО ""Промтех Инжиниринг""",https://www.rusprofile.ru/id/2795891,,,23.04.2007,с 18 июня 2014 г.,False,107,3900000000,-434000000,info@pt-eng.ru,pt-eng.ru,False,"['нет плашки истории руководителей', 'выручка положительная']"
"ООО ""Архимет""",https://www.rusprofile.ru/id/171169,,,17.11.2006,с 12 декабря 2014 г.,False,16,1000000000,134000000,info@archimetal.ru,,False,"['нет плашки истории руководителей', 'выручка положительная', 'прибыль положительная', 'нет сайта или почты']"
"ООО ""Ремдип""",https://www.rusprofile.ru/id/880201,,,24.11.1999,с 6 августа 2024 г.,True,2,680000000,131000,,www.masservice.ru,False,"['арбитражных дел не больше 5', 'выручка положительная', 'прибыль положительная', 'нет сайта или почты']"
"ООО ""Регион-Снаб""",https://www.rusprofile.ru/id/7857605,,,12.02.2015,с 15 августа 2025 г.,True,16,1500000000,5300000,info@regsn.ru,regsn.ru,False,"['выручка положительная', 'прибыль положительная']"
"ООО ""Зетталайн""",https://www.rusprofile.ru/id/5818876,,,13.01.2012,с 8 ноября 2019 г.,True,6,326000000,22000000,info@zettaline.ru,zettaline.ru,False,"['выручка положительная', 'прибыль положительная']"
"АО ""Торговый Дом ТМХ""",https://www.rusprofile.ru/id/729919,,,10.09.2004,с 24 июня 2024 г.,True,288,33000000000,280000000,d.vonakov@tmholding.ru,tmholding.ru,False,"['выручка положительная', 'прибыль положительная']"
"ООО ""Ям Интернешнл (СНГ)""",https://www.rusprofile.ru/id/1662726,,,30.11.1998,с 8 октября 2012 г.,True,59,986000000,8100000,info@yam.ru,www.yam.ru,False,"['выручка положительная', 'прибыль положительная']"
"ООО ""Агротэк-ТМ""",https://www.rusprofile.ru/id/3725843,,,19.12.2006,,True,99,21000000000,383000000,belyaev@lisor.ru,,False,"['выручка положительная', 'прибыль положительная', 'нет сайта или почты']"
"ООО ""Перспектива""",https://www.rusprofile.ru/id/1217700576895,,,29.11.2021,,True,3,350000000,6200000,pers.pektiva@rambler.ru,perspektivaorg.ru,False,"['арбитражных дел не больше 5', 'выручка положительная', 'прибыль положительная']"
"ООО ""Пакпрестус""",https://www.rusprofile.ru/id/2020006,,,04.10.1999,с 17 апреля 2026 г.,True,37,5100000000,-129000000,buh_andriana@mail.ru,packprestus.ru,False,['выручка положительная']
"ООО ""Сансет""",https://www.rusprofile.ru/id/6863962,,,02.04.2013,с 26 января 2024 г.,True,2,600000000,9000000,,,False,"['арбитражных дел не больше 5', 'выручка положительная', 'прибыль положительная', 'нет сайта или почты']"
"ООО ""Амдтехнологии""",https://www.rusprofile.ru/id/4365344,,,11.09.2007,с 11 сентября 2007 г.,False,158,1000000000,2500000,agatov.f@amd-tech.ru,adm-tech.ru,False,"['нет плашки истории руководителей', 'выручка положительная', 'прибыль положительная']"
"АО ""ВСП""",https://www.rusprofile.ru/id/229262,,,15.03.2004,с 1 апреля 2026 г.,True,4,1900000000,1000000000,mfilatova@inbox.ru,vspholding.ru,False,"['арбитражных дел не больше 5', 'выручка положительная', 'прибыль положительная']"
"ООО ""Керранова Плюс""",https://www.rusprofile.ru/id/10216621,,,13.11.2015,с 31 января 2024 г.,True,22,3100000000,16000000,buh9@kerranova.ru,,False,"['выручка положительная', 'прибыль положительная', 'нет сайта или почты']"
"ООО ""ТТ-Групп""",https://www.rusprofile.ru/id/11135537,,,21.08.2017,с 25 декабря 2024 г.,True,4,572000000,85000,grupp.tt@mail.ru,,False,"['арбитражных дел не больше 5', 'выручка положительная', 'прибыль положительная', 'нет сайта или почты']"
"ООО ""РВМ""",https://www.rusprofile.ru/id/294110,,,19.05.2009,с 5 сентября 2022 г.,True,1,363000000,9000000,mkv@rv-market.ru,www.rv-market.ru,False,"['арбитражных дел не больше 5', 'выручка положительная', 'прибыль положительная']"
"ООО ""Комплектэнерго""",https://www.rusprofile.ru/id/944369,,,28.10.2002,с 3 декабря 2025 г.,True,96,2000000000,2800000,komplektenergo@kegroup.ru,kegroup.ru,False,"['выручка положительная', 'прибыль положительная']"
"ООО ""Максима""",https://www.rusprofile.ru/id/11354968,,,28.02.2018,,True,1,579000000,234000,nuridincontact@gmail.com,,False,"['арбитражных дел не больше 5', 'выручка положительная', 'прибыль положительная', 'нет сайта или почты']"
"ООО ""Алюр""",https://www.rusprofile.ru/id/11781106,,,07.05.2019,,True,0,849000000,31000000,nuridincontact@gmail.com,ksktorg.ru,False,"['арбитражных дел не больше 5', 'выручка положительная', 'прибыль положительная']"
"ООО ""Фаберон""",https://www.rusprofile.ru/id/369374,,,29.06.2004,с 9 марта 2010 г.,False,24,2200000000,165000000,info@faberon.ru,faberon.ru,False,"['нет плашки истории руководителей', 'выручка положительная', 'прибыль положительная']"
"ООО ""Набукас Центр""",https://www.rusprofile.ru/id/4452985,,,11.09.2001,с 18 августа 2025 г.,True,16,1500000000,7800000,centr_nabuka.ooo@rambler.ru,nabukascenter.ru,False,"['выручка положительная', 'прибыль положительная']"
"ООО ""Огнеупортрейдгрупп""",https://www.rusprofile.ru/id/4339498,,,16.09.2002,с 2 апреля 2007 г.,False,28,591000000,99000000,fedorova@ogneupor.net,ogneupor.net,False,"['нет плашки истории руководителей', 'выручка положительная', 'прибыль положительная']"
"ООО ""Атмос Медикаль""",https://www.rusprofile.ru/id/2028870,,,03.12.2003,с 13 сентября 2024 г.,True,3,360000000,-3300000,a.sorokin@atmosmed.ru,www.atmos-med.ru,False,"['арбитражных дел не больше 5', 'выручка положительная']"
"ООО ""ГК Синтез""",https://www.rusprofile.ru/id/6771673,,,16.10.2012,с 25 февраля 2025 г.,True,5,1600000000,136000000,info@sintez-company.ru,sintez-company.ru,False,"['арбитражных дел не больше 5', 'выручка положительная', 'прибыль положительная']"
"ООО ""ТК Нефтетанк""",https://www.rusprofile.ru/id/5775759,,,08.12.2011,с 1 октября 2024 г.,True,41,585000000,-11000000,info@neftetank.ru,neftetank.ru,False,['выручка положительная']
"ООО ""Эффорт Телеком""",https://www.rusprofile.ru/id/7303866,,,14.04.2014,с 5 марта 2022 г.,True,18,1600000000,46000000,info@effort.tel,,False,"['выручка положительная', 'прибыль положительная', 'нет сайта или почты']"
"ООО ""Нордвестплюс""",https://www.rusprofile.ru/id/10551018,,,11.07.2016,с 3 июля 2020 г.,True,1,900000000,315000,finansistu2015@gmail.com,,False,"['арбитражных дел не больше 5', 'выручка положительная', 'прибыль положительная', 'нет сайта или почты']"
"АО ""Авангард""",https://www.rusprofile.ru/id/3825995,,,01.06.2010,с 10 декабря 2025 г.,True,12,540000000,-47000000,lauma@laumamedical.ru,laumamedical.ru,False,['выручка положительная']
"ООО ""Инситех""",https://www.rusprofile.ru/id/6699920,,,06.03.2013,с 31 октября 2017 г.,True,15,9300000000,762000000,info@armorjack.ru,,False,"['выручка положительная', 'прибыль положительная', 'нет сайта или почты']"
"ООО ""Гигантшина""",https://www.rusprofile.ru/id/1107647,,,02.08.2010,с 22 апреля 2025 г.,True,16,2000000000,-171000000,stamp@orientalgate.ru,gigantshina.ru,False,['выручка положительная']
"ООО ""Аймол Лубрикантс""",https://www.rusprofile.ru/id/835862,,,28.07.2005,с 19 сентября 2014 г.,False,8,1800000000,23000000,info@aimol.ru,aimol.ru,False,"['нет плашки истории руководителей', 'выручка положительная', 'прибыль положительная']"
"ООО ""Синера""",https://www.rusprofile.ru/id/10289778,,,29.12.2015,с 9 января 2020 г.,True,17,1600000000,219000000,denisova@cinera-ks.ru,cinera-energy.ru,False,"['выручка положительная', 'прибыль положительная']"
"ООО ""НПО Промтрансизделия""",https://www.rusprofile.ru/id/5664045,,,08.04.2011,с 10 февраля 2022 г.,True,32,920000000,32000000,info@npopti.ru,npopti.ru,False,"['выручка положительная', 'прибыль положительная']"
"ООО ""АМГ""",https://www.rusprofile.ru/id/10185196,,,14.10.2015,с 7 марта 2024 г.,True,69,3600000000,68000000,sale@metalfa.ru,metalfa.ru,False,"['выручка положительная', 'прибыль положительная']"
"ООО ""Завод Темп""",https://www.rusprofile.ru/id/10492964,,,26.05.2016,с 13 сентября 2017 г.,True,28,363000000,77000000,buh@ztemp.ru,заводтемп.рф,False,"['выручка положительная', 'прибыль положительная']"
"ООО ""Трейд""",https://www.rusprofile.ru/id/1207700149986,,,06.04.2020,с 9 июня 2025 г.,True,7,427000000,45000,korolekmatveev@yandex.ru,,False,"['выручка положительная', 'прибыль положительная', 'нет сайта или почты']"
"ООО ""Вильд Россия""",https://www.rusprofile.ru/id/338952,,,10.06.1998,с 2 апреля 2010 г.,False,43,7000000000,913000000,olga.sazonova@wild.de,,False,"['нет плашки истории руководителей', 'выручка положительная', 'прибыль положительная', 'нет сайта или почты']"
"ООО ""ГТ""",https://www.rusprofile.ru/id/7740188,,,17.06.2015,с 11 октября 2022 г.,True,10,6900000000,341000000,info@litemotors.ru,lite-mobile.ru,False,"['выручка положительная', 'прибыль положительная']"
"ООО ""Аркада""",https://www.rusprofile.ru/id/10892216,,,14.02.2017,с 4 октября 2022 г.,True,13,314000000,1100000,nota-roza127@yandex.ru,,False,"['выручка положительная', 'прибыль положительная', 'нет сайта или почты']"
"ООО ""Техностек""",https://www.rusprofile.ru/id/21884,,,28.05.2007,с 28 мая 2007 г.,False,13,1200000000,201000000,tender@technostack.ru,,False,"['нет плашки истории руководителей', 'выручка положительная', 'прибыль положительная', 'нет сайта или почты']"
"ООО ""Керней Групп""",https://www.rusprofile.ru/id/879035,,,26.03.2009,с 19 июня 2020 г.,True,15,477000000,7400000,info@kearney.ru,mbliga.ru,False,"['выручка положительная', 'прибыль положительная']"
"АО ""Внештехснаб""",https://www.rusprofile.ru/id/2136442,,,05.05.2005,с 14 августа 2023 г.,True,31,335000000,2300000,post@vneshtechsnab.ru,mashpriborintorg.com,False,"['выручка положительная', 'прибыль положительная']"
"ООО ТПК ""НМЗ-Инвест""",https://www.rusprofile.ru/id/1458389,,,23.10.2000,с 19 июля 2024 г.,True,6,1200000000,173000000,isolon@isolon-nmz.ru,isolon-nmz.ru,False,"['выручка положительная', 'прибыль положительная']"
"ООО ""АРР""",https://www.rusprofile.ru/id/11024499,,,25.05.2017,с 14 сентября 2022 г.,True,7,1400000000,1800000,office@all-rr.ru,all-rr.ru,False,"['выручка положительная', 'прибыль положительная']"
"ООО ""Нью КО""",https://www.rusprofile.ru/id/3064356,,,03.04.1998,с 23 марта 2021 г.,True,3,327000000,6200000,info@newko.ru,newko.ru,False,"['арбитражных дел не больше 5', 'выручка положительная', 'прибыль положительная']"
"ООО ""Альткон""",https://www.rusprofile.ru/id/11373583,,,16.03.2018,с 16 марта 2018 г.,False,12,1900000000,1600000,buh1@talexvl.ru,altkon.ru,False,"['нет плашки истории руководителей', 'выручка положительная', 'прибыль положительная']"
"ООО ""Альда Универсал""",https://www.rusprofile.ru/id/1063672,,,19.08.1998,с 23 августа 2022 г.,True,27,1400000000,2100000,shop@stroimsvami.ru,stroimsvami.ru,False,"['выручка положительная', 'прибыль положительная']"
"ООО ""Тодер""",https://www.rusprofile.ru/id/1207700055991,,,12.02.2020,с 11 марта 2024 г.,True,2,347000000,335000,info@toder-gsm.ru,toder-gsm.ru,False,"['арбитражных дел не больше 5', 'выручка положительная', 'прибыль положительная']"
"АО ""МИА""",https://www.rusprofile.ru/id/7126995,,,29.01.2014,с 7 ноября 2018 г.,True,28,1000000000,12000000,romadina30@mail.ru,miavend.ru,False,"['выручка положительная', 'прибыль положительная']"
"ООО ""Элита""",https://www.rusprofile.ru/id/4426152,,,01.08.2006,с 7 марта 2025 г.,True,13,4600000000,345000,,elitabookclub.ru,False,"['выручка положительная', 'прибыль положительная', 'нет сайта или почты']"
"ООО ""Стартрейн""",https://www.rusprofile.ru/id/4298955,,,06.01.2000,,True,0,681000000,4800000,startreyn@mail.ru,startrejn.ru,False,"['арбитражных дел не больше 5', 'выручка положительная', 'прибыль положительная']"
"ООО ""МИР""",https://www.rusprofile.ru/id/7114328,,,27.11.2013,с 4 октября 2024 г.,True,1,413000000,,miropttorg2024@mail.ru,,False,"['арбитражных дел не больше 5', 'выручка положительная', 'нет сайта или почты']"
"ООО ""Энди""",https://www.rusprofile.ru/id/1668681,,,01.11.2008,с 10 марта 2026 г.,True,2,973000000,184000,com-light@mail.ru,,False,"['арбитражных дел не больше 5', 'выручка положительная', 'прибыль положительная', 'нет сайта или почты']"
"ООО ""Полистайлекс""",https://www.rusprofile.ru/id/5815389,,,19.01.2012,с 24 февраля 2022 г.,True,3,749000000,9100000,,www.polystylex.com,False,"['арбитражных дел не больше 5', 'выручка положительная', 'прибыль положительная', 'нет сайта или почты']"
"ООО ""Линкгрупп""",https://www.rusprofile.ru/id/5564063,,,07.09.2011,с 7 сентября 2011 г.,False,117,1700000000,34000000,info@linkgroup.ru,artaius.ru,False,"['нет плашки истории руководителей', 'выручка положительная', 'прибыль положительная']"
"ООО ""Промприбор""",https://www.rusprofile.ru/id/6794382,,,10.09.2012,с 22 марта 2024 г.,True,3,470000000,221000,prompribor1@bk.ru,prompribor1.ru,False,"['арбитражных дел не больше 5', 'выручка положительная', 'прибыль положительная']"
"ООО НПП ""Мосзооветснаб""",https://www.rusprofile.ru/id/647692,,,24.07.1997,с 23 июля 2007 г.,False,47,5600000000,173000000,mosvet@mail.ru,,False,"['нет плашки истории руководителей', 'выручка положительная', 'прибыль положительная', 'нет сайта или почты']"
"ООО ""Дефенд""",https://www.rusprofile.ru/id/5379620,,,09.03.2011,с 9 марта 2011 г.,False,1,1300000000,128000000,ooodefend27@mail.ru,,True,"['нет плашки истории руководителей', 'арбитражных дел не больше 5', 'выручка положительная', 'прибыль положительная', 'нет сайта или почты']"
"ООО ""Компания Бентонит""",https://www.rusprofile.ru/id/2806784,,,25.09.2006,с 26 декабря 2007 г.,False,36,854000000,48000000,sales@bentonit.ru,bentonit.ru,False,"['нет плашки истории руководителей', 'выручка положительная', 'прибыль положительная']"
"ООО ""Юнитсервис""",https://www.rusprofile.ru/id/3452434,,,23.08.2005,с 16 сентября 2019 г.,True,3,829000000,34000000,7804320853_781001001@eo.tensor.ru,unit-service.ru,False,"['арбитражных дел не больше 5', 'выручка положительная', 'прибыль положительная']"
"ООО ""Ньюкаст-Ист""",https://www.rusprofile.ru/id/3373920,,,13.02.2007,с 13 апреля 2010 г.,False,5,710000000,36000000,sks@nc-e.ru,nc-e.ru,False,"['нет плашки истории руководителей', 'арбитражных дел не больше 5', 'выручка положительная', 'прибыль положительная']"
"ООО ""Юнион Транс""",https://www.rusprofile.ru/id/10170238,,,05.10.2015,с 5 октября 2015 г.,False,16,784000000,10000000,buh@lifan-rf.ru,lifan-rf.ru,False,"['нет плашки истории руководителей', 'выручка положительная', 'прибыль положительная']"
"ООО ""Дексиас""",https://www.rusprofile.ru/id/10562755,,,15.07.2016,с 29 января 2020 г.,True,0,5200000000,204000000,6263192@gmail.com,,False,"['арбитражных дел не больше 5', 'выручка положительная', 'прибыль положительная', 'нет сайта или почты']"
"ООО ""Машимпэкс""",https://www.rusprofile.ru/id/753307,,,06.12.1995,с 17 мая 2007 г.,False,65,1700000000,326000000,rss.moscow@kelvion.com,www.kelvion.com,False,"['нет плашки истории руководителей', 'выручка положительная', 'прибыль положительная']"
"ООО ""ТК Азия""",https://www.rusprofile.ru/id/11564183,,,19.09.2018,с 1 ноября 2019 г.,True,33,584000000,9900000,,,False,"['выручка положительная', 'прибыль положительная', 'нет сайта или почты']"
"ООО ""ВТД""",https://www.rusprofile.ru/id/2810986,,,24.11.2005,с 28 декабря 2023 г.,True,1,1100000000,3100000,info@vtd-group.ru,vtd-group.ru,False,"['арбитражных дел не больше 5', 'выручка положительная', 'прибыль положительная']"
"ООО ""Эмис""",https://www.rusprofile.ru/id/11933088,,,15.11.2019,с 20 июля 2023 г.,True,2,488000000,19000,,,False,"['арбитражных дел не больше 5', 'выручка положительная', 'прибыль положительная', 'нет сайта или почты']"
"ООО ТД ""Ринако""",https://www.rusprofile.ru/id/3354890,,,14.06.2007,с 12 сентября 2018 г.,True,97,1500000000,61000000,bvv@bsk-rinako.ru,td-rinako.ru,False,"['выручка положительная', 'прибыль положительная']"
"ООО ""Бруккаст Москва""",https://www.rusprofile.ru/id/3376028,,,01.07.2008,с 5 марта 2026 г.,True,5,3500000000,3400000,,brukkast.ru,False,"['арбитражных дел не больше 5', 'выручка положительная', 'прибыль положительная', 'нет сайта или почты']"
"ООО ""Адамант""",https://www.rusprofile.ru/id/11599743,,,26.10.2018,с 6 февраля 2023 г.,True,5,417000000,150000000,,,False,"['арбитражных дел не больше 5', 'выручка положительная', 'прибыль положительная', 'нет сайта или почты']"
"ООО ""Ат-Газ""",https://www.rusprofile.ru/id/2410532,,,14.01.2009,с 26 ноября 2019 г.,True,13,1800000000,201000000,glavbuh@at-gaz.ru,at-gaz.ru,False,"['выручка положительная', 'прибыль положительная']"
"ООО ""Азия Импорт Групп""",https://www.rusprofile.ru/id/4186794,,,04.05.2005,с 20 сентября 2017 г.,True,12,390000000,3400000,info-roistat@asia-import.ru,asia-import.ru,False,"['выручка положительная', 'прибыль положительная']"
"ООО ""Сонеко Групп""",https://www.rusprofile.ru/id/6037326,,,19.04.2012,с 25 декабря 2020 г.,True,7,380000000,4099999,alfa1812alfa@gmail.com,,False,"['выручка положительная', 'прибыль положительная', 'нет сайта или почты']"
"ООО ""Фаворит ГК""",https://www.rusprofile.ru/id/9264186,,,04.09.2014,с 4 сентября 2014 г.,False,15,2000000000,6000000,zakaz@f-gk.ru,f-gk.ru,False,"['нет плашки истории руководителей', 'выручка положительная', 'прибыль положительная']"
"ООО ""Иниста""",https://www.rusprofile.ru/id/193769,,,30.11.2009,с 28 июня 2022 г.,True,0,382000000,11000000,nvt2004@mail.ru,inistacnc.ru,False,"['арбитражных дел не больше 5', 'выручка положительная', 'прибыль положительная']"
"ООО ""Делай Мебель""",https://www.rusprofile.ru/id/7773195,,,17.08.2015,с 23 июня 2025 г.,True,4,5800000000,292000000,nharitonova@omcompany.ru,,False,"['арбитражных дел не больше 5', 'выручка положительная', 'прибыль положительная', 'нет сайта или почты']"
"ООО ""Емкемикалс""",https://www.rusprofile.ru/id/908648,,,10.06.2010,с 5 октября 2023 г.,True,26,1200000000,18000000,lyteltd@yandex.ru,www.lyteltd.com,False,"['выручка положительная', 'прибыль положительная']"
"ООО ""ММ-Колор""",https://www.rusprofile.ru/id/1696140,,,21.02.2007,с 31 мая 2022 г.,True,29,553000000,16000000,info@mmcolor.ru,mmcolor.ru,False,"['выручка положительная', 'прибыль положительная']"
"ООО ""СК Технострой""",https://www.rusprofile.ru/id/6719362,,,25.03.2013,с 7 февраля 2025 г.,True,10,1800000000,22000000,sktehnostr@gmail.com,,False,"['выручка положительная', 'прибыль положительная', 'нет сайта или почты']"
"ООО ""Мадан МСК Продактс""",https://www.rusprofile.ru/id/2763123,,,13.04.2006,с 15 января 2020 г.,True,6,1600000000,2900000,docs.multi@gmail.com,,False,"['выручка положительная', 'прибыль положительная', 'нет сайта или почты']"
"ООО ""Штарк Групп""",https://www.rusprofile.ru/id/7873871,,,26.08.2015,с 9 февраля 2026 г.,True,2,1800000000,77000000,group@shtark.su,,False,"['арбитражных дел не больше 5', 'выручка положительная', 'прибыль положительная', 'нет сайта или почты']"
"ООО ""БЕВ""",https://www.rusprofile.ru/id/1941153,,,15.03.2000,с 25 июля 2022 г.,True,6,12000000000,12000000,ekaterina.katalnikova@savencia-fd.ru,www.bongrain.com,False,"['выручка положительная', 'прибыль положительная']"
"ООО ТК ""Телесвязь""",https://www.rusprofile.ru/id/3299216,,,03.02.2000,с 21 марта 2015 г.,False,16,371000000,5600000,public@teleswyz.ru,teleswyz.ru,False,"['нет плашки истории руководителей', 'выручка положительная', 'прибыль положительная']"
"ООО ""Киринжком""",https://www.rusprofile.ru/id/10389382,,,14.03.2016,с 14 марта 2016 г.,False,2,402000000,42000000,mymail.vk@yandex.ru,,True,"['нет плашки истории руководителей', 'арбитражных дел не больше 5', 'выручка положительная', 'прибыль положительная', 'нет сайта или почты']"
"ООО ""Стройвест""",https://www.rusprofile.ru/id/11746180,,,29.03.2019,с 6 июня 2023 г.,True,2,754000000,42000,stroyvest97@mail.ru,,False,"['арбитражных дел не больше 5', 'выручка положительная', 'прибыль положительная', 'нет сайта или почты']"
"ООО ""Эколес""",https://www.rusprofile.ru/id/114478,,,22.03.2007,с 12 августа 2013 г.,False,76,3700000000,50000000,market@tdserver.ru,tdserver.ru,False,"['нет плашки истории руководителей', 'выручка положительная', 'прибыль положительная']"
"ООО ""Стратум Оак""",https://www.rusprofile.ru/id/11386812,,,20.03.2018,с 20 марта 2018 г.,False,7,787000000,6800000,info@stratumoak.net,www.stratumoak.net,False,"['нет плашки истории руководителей', 'выручка положительная', 'прибыль положительная']"
"ООО ""Комплект-Групп""",https://www.rusprofile.ru/id/2412340,,,03.03.2010,с 9 июля 2018 г.,True,14,798000000,201000000,info@cg.msk.ru,complect-group.ru,False,"['выручка положительная', 'прибыль положительная']"
"ООО ""Свда""",https://www.rusprofile.ru/id/5818209,,,12.01.2012,с 22 января 2026 г.,True,0,510000000,1000000,ad@svda.pro,,False,"['арбитражных дел не больше 5', 'выручка положительная', 'прибыль положительная', 'нет сайта или почты']"
"ООО ""ПМК Холдинг""",https://www.rusprofile.ru/id/2652726,,,10.11.2000,с 31 марта 2011 г.,False,27,1400000000,123000000,info@pmk-holding.ru,pmk-holding.ru,False,"['нет плашки истории руководителей', 'выручка положительная', 'прибыль положительная']"
"ООО ""Фастэйр Интернешнл""",https://www.rusprofile.ru/id/5859677,,,17.02.2012,с 22 февраля 2023 г.,True,13,3400000000,16000000,accounting@fastair.ru,fastair.ru,False,"['выручка положительная', 'прибыль положительная']"
"ООО ""ЦФО""",https://www.rusprofile.ru/id/10714686,,,25.10.2016,с 28 октября 2025 г.,True,1,966000000,8600000,e.beschastnova@citylight-pro.com,citylight-pro.com,False,"['арбитражных дел не больше 5', 'выручка положительная', 'прибыль положительная']"
"ООО ""ЕСД""",https://www.rusprofile.ru/id/7036106,,,21.11.2013,с 8 июля 2022 г.,True,8,7400000000,201000000,finance@esd-rus.ru,esd-rus.ru,False,"['выручка положительная', 'прибыль положительная']"
"ООО ""Атек""",https://www.rusprofile.ru/id/3769685,,,17.03.2008,с 8 ноября 2024 г.,True,5,1900000000,129000000,info@atekwater.ru,atekwater.ru,False,"['арбитражных дел не больше 5', 'выручка положительная', 'прибыль положительная']"
"ООО ""Техсервисгрупп""",https://www.rusprofile.ru/id/4223227,,,25.06.2008,с 27 февраля 2025 г.,True,7,685000000,75000000,y.fedotova@tsgpp.ru,tsgpp.ru,False,"['выручка положительная', 'прибыль положительная']"
"ООО ""СП-Сервис""",https://www.rusprofile.ru/id/6126119,,,17.07.2012,с 7 июня 2017 г.,True,7,1500000000,98000000,7717729343_771701001@eo.tensor.ru,sp-tyre.ru,False,"['выручка положительная', 'прибыль положительная']"
"ООО ""ОПК""",https://www.rusprofile.ru/id/7144768,,,21.01.2014,с 10 октября 2025 г.,True,5,466000000,150000000,account@industrial-complex.ru,industrial-complex.ru,False,"['арбитражных дел не больше 5', 'выручка положительная', 'прибыль положительная']"
"ООО ""РДЛГ""",https://www.rusprofile.ru/id/10736054,,,23.11.2016,с 5 мая 2026 г.,True,24,884000000,989000,e.bondarenko@redlinegroup.ru,,False,"['выручка положительная', 'прибыль положительная', 'нет сайта или почты']"
"ООО ""Снабус""",https://www.rusprofile.ru/id/11190942,,,10.10.2017,с 12 января 2023 г.,True,28,1500000000,69000000,ooosnabus@yandex.ru,,False,"['выручка положительная', 'прибыль положительная', 'нет сайта или почты']"
"ООО ""ЦС Импэкс""",https://www.rusprofile.ru/id/443032,,,29.09.2009,с 2 февраля 2022 г.,True,14,3700000000,19000000,tender@digis.ru,digis.ru,False,"['выручка положительная', 'прибыль положительная']"
"ООО ""Граффитейт""",https://www.rusprofile.ru/id/5858495,,,14.02.2012,с 27 сентября 2024 г.,True,1,874000000,32000000,order@quadrocopter.su,narod.ru,False,"['арбитражных дел не больше 5', 'выручка положительная', 'прибыль положительная']"
"ООО ""Корнер Тент""",https://www.rusprofile.ru/id/3014348,,,15.02.1999,с 8 апреля 2026 г.,True,3,332000000,7400000,maioroff.not@mail.ru,,False,"['арбитражных дел не больше 5', 'выручка положительная', 'прибыль положительная', 'нет сайта или почты']"
"ООО ""Каскад""",https://www.rusprofile.ru/id/2934371,,,04.05.2009,с 18 октября 2019 г.,True,4,1800000000,28000000,,,False,"['арбитражных дел не больше 5', 'выручка положительная', 'прибыль положительная', 'нет сайта или почты']"
"ООО ""Симэкс""",https://www.rusprofile.ru/id/3231649,,,12.11.1998,с 19 мая 2009 г.,False,32,1500000000,73000000,info@simecs.ru,,False,"['нет плашки истории руководителей', 'выручка положительная', 'прибыль положительная', 'нет сайта или почты']"
"ООО ""Прайм""",https://www.rusprofile.ru/id/1217700115544,,,16.03.2021,с 3 июня 2025 г.,True,2,438000000,77000,rekurso@bk.ru,,False,"['арбитражных дел не больше 5', 'выручка положительная', 'прибыль положительная', 'нет сайта или почты']"
"АО ""Комплектэнергоучет""",https://www.rusprofile.ru/id/1105323,,,13.12.2005,с 16 июня 2025 г.,True,40,964000000,-9500000,tender@tem.spb.ru,spb.ru,False,['выручка положительная']
"ООО ""НПО ""Ленэнергомаш""",https://www.rusprofile.ru/id/5702725,,,07.06.2011,с 8 мая 2018 г.,True,58,1100000000,82000000,info@lenenergomash.ru,npolem.ru,False,"['выручка положительная', 'прибыль положительная']"
"ООО ""Арматех""",https://www.rusprofile.ru/id/503227,,,01.10.2008,с 6 февраля 2020 г.,True,4,1500000000,5100000,byx0106@bk.ru,,False,"['арбитражных дел не больше 5', 'выручка положительная', 'прибыль положительная', 'нет сайта или почты']"
"ООО ""Холод Плюс""",https://www.rusprofile.ru/id/7269867,,,04.06.2014,с 5 декабря 2025 г.,True,0,591000000,6800000,support@holod-plus-ltd.ru,holod-plius.ru,False,"['арбитражных дел не больше 5', 'выручка положительная', 'прибыль положительная']"
"ООО ""Алко-Бим""",https://www.rusprofile.ru/id/11588544,,,11.10.2018,с 2 сентября 2024 г.,True,3,671000000,147000,,,False,"['арбитражных дел не больше 5', 'выручка положительная', 'прибыль положительная', 'нет сайта или почты']"
"ООО ""БВ""",https://www.rusprofile.ru/id/11495515,,,05.07.2018,с 15 декабря 2025 г.,True,1,300000000,11000000,bv020@rambler.ru,bvorg.ru,False,"['арбитражных дел не больше 5', 'выручка положительная', 'прибыль положительная']"
"ООО ""Амд-Инвест""",https://www.rusprofile.ru/id/11849363,,,29.07.2019,с 6 октября 2021 г.,True,8,389000000,24000000,amdinvest@bk.ru,,False,"['выручка положительная', 'прибыль положительная', 'нет сайта или почты']"
"ООО ""Север-Плюс""",https://www.rusprofile.ru/id/1207700139778,,,25.03.2020,с 29 января 2024 г.,True,0,984000000,512000,otdelreg@outlook.com,,False,"['арбитражных дел не больше 5', 'выручка положительная', 'прибыль положительная', 'нет сайта или почты']"
"ООО ""Соттис""",https://www.rusprofile.ru/id/3156698,,,12.07.2001,с 21 февраля 2017 г.,True,11,1500000000,16000000,lenalida777@mail.ru,,False,"['выручка положительная', 'прибыль положительная', 'нет сайта или почты']"
"ООО ""ТД Евроавтоматика Фиф""",https://www.rusprofile.ru/id/2114568,,,25.07.2007,с 30 июня 2015 г.,False,1,479000000,69000000,info@tde-fif.ru,tde-fif.ru,False,"['нет плашки истории руководителей', 'арбитражных дел не больше 5', 'выручка положительная', 'прибыль положительная']"
"ООО ""Ронетек""",https://www.rusprofile.ru/id/5858368,,,15.02.2012,с 14 февраля 2020 г.,True,25,3900000000,1800000,ronetek@mail.ru,,False,"['выручка положительная', 'прибыль положительная', 'нет сайта или почты']"
"ООО ""Френд Айти""",https://www.rusprofile.ru/id/10209048,,,10.11.2015,с 3 июня 2025 г.,True,3,442000000,150000,,,False,"['арбитражных дел не больше 5', 'выручка положительная', 'прибыль положительная', 'нет сайта или почты']"
"ООО ""Олимп Сталь""",https://www.rusprofile.ru/id/11565418,,,20.09.2018,с 20 сентября 2018 г.,False,21,493000000,4200000,khuzeeva777@mail.ru,groupolimp.ru,False,"['нет плашки истории руководителей', 'выручка положительная', 'прибыль положительная']"
"ООО ""Рейкард""",https://www.rusprofile.ru/id/1207700213830,,,02.07.2020,с 25 августа 2021 г.,True,0,434000000,239000,,,False,"['арбитражных дел не больше 5', 'выручка положительная', 'прибыль положительная', 'нет сайта или почты']"
"ООО ""Элпиай Рус""",https://www.rusprofile.ru/id/981157,,,03.08.2006,с 8 февраля 2012 г.,False,16,673000000,207000000,info@lpirus.ru,lpirus.ru,False,"['нет плашки истории руководителей', 'выручка положительная', 'прибыль положительная']"
"ООО ""Супрэмо""",https://www.rusprofile.ru/id/1519543,,,07.04.2003,с 16 мая 2005 г.,False,31,737000000,64000000,supremo@mail.ru,supremo.ru,False,"['нет плашки истории руководителей', 'выручка положительная', 'прибыль положительная']"
"ООО ""СИС""",https://www.rusprofile.ru/id/1212700012348,,,13.08.2021,с 29 декабря 2022 г.,True,7,2400000000,7200000,gullplus@mail.ru,siskms.ru,False,"['выручка положительная', 'прибыль положительная']"
"ООО ""Гермес""",https://www.rusprofile.ru/id/1207700366059,,,05.10.2020,с 9 июля 2024 г.,True,0,1700000000,105000000,,,False,"['арбитражных дел не больше 5', 'выручка положительная', 'прибыль положительная', 'нет сайта или почты']"
"ООО ""Ви Эл ПИ Компани""",https://www.rusprofile.ru/id/6845748,,,16.04.2013,с 11 мая 2022 г.,True,3,1400000000,251000000,acces@vlpco.ru,vlpco.ru,False,"['арбитражных дел не больше 5', 'выручка положительная', 'прибыль положительная']"
"ООО ""Экспосмарт""",https://www.rusprofile.ru/id/10643001,,,23.09.2016,с 20 августа 2019 г.,True,3,1500000000,178000000,a.auakina@lion-group.ru,lion-group.ru,False,"['арбитражных дел не больше 5', 'выручка положительная', 'прибыль положительная']"
"ООО ""Авиатэксим""",https://www.rusprofile.ru/id/889914,,,22.07.1999,с 19 января 2010 г.,False,22,598000000,89000000,info@aviatexim.ru,aviatexim.ru,False,"['нет плашки истории руководителей', 'выручка положительная', 'прибыль положительная']"
"ООО ""Стримпартс""",https://www.rusprofile.ru/id/5557938,,,01.07.2011,с 8 июня 2022 г.,True,1,444000000,-8600000,finance@cs-broker.ru,cs-broker.ru,False,"['арбитражных дел не больше 5', 'выручка положительная']"
"ООО ""РМК""",https://www.rusprofile.ru/id/1185417,,,23.04.2007,с 23 апреля 2007 г.,False,8,451000000,78000000,info@rmc-mt.ru,celoxmedical.ru,False,"['нет плашки истории руководителей', 'выручка положительная', 'прибыль положительная']"
"ООО ""Аас Сервис""",https://www.rusprofile.ru/id/5818709,,,17.01.2012,с 21 февраля 2019 г.,True,2,373000000,100000,aasservice@mail.ru,aasservice.ru,False,"['арбитражных дел не больше 5', 'выручка положительная', 'прибыль положительная']"
"АО ""Рацион""",https://www.rusprofile.ru/id/1227700109230,,,01.03.2022,с 26 апреля 2023 г.,True,24,2700000000,8900000,,,False,"['выручка положительная', 'прибыль положительная', 'нет сайта или почты']"
"ООО ""Космос""",https://www.rusprofile.ru/id/11614448,,,13.11.2018,с 12 мая 2023 г.,True,0,537000000,146000,nuridincontact@gmail.com,,False,"['арбитражных дел не больше 5', 'выручка положительная', 'прибыль положительная', 'нет сайта или почты']"
"ООО ""Эмирп""",https://www.rusprofile.ru/id/978044,,,30.04.1998,с 5 декабря 2013 г.,False,9,426000000,6600000,irina-berdikova@mail.ru,emirp-rti.com,False,"['нет плашки истории руководителей', 'выручка положительная', 'прибыль положительная']"
"ООО ""Гольфстрим""",https://www.rusprofile.ru/id/5999095,,,25.06.2012,с 22 февраля 2019 г.,True,8,1200000000,3800000,,,False,"['выручка положительная', 'прибыль положительная', 'нет сайта или почты']"
"АО ""Емг-Промышленная Поддержка""",https://www.rusprofile.ru/id/2914063,,,10.07.1995,с 30 июля 2019 г.,True,10,314000000,4900000,vmorkovkin@yandex.ru,emg-prom.ru,False,"['выручка положительная', 'прибыль положительная']"
"ООО ""Атберг 98""",https://www.rusprofile.ru/id/3950084,,,19.07.1996,с 5 декабря 2005 г.,False,39,619000000,68000000,6263192@gmail.com,,False,"['нет плашки истории руководителей', 'выручка положительная', 'прибыль положительная', 'нет сайта или почты']"
"ООО ""Микролит""",https://www.rusprofile.ru/id/47619,,,27.05.2003,с 16 декабря 2022 г.,True,3,2200000000,77000000,larisa@rezonit.ru,rezonit.ru,False,"['арбитражных дел не больше 5', 'выручка положительная', 'прибыль положительная']"
"ООО ""Арго""",https://www.rusprofile.ru/id/6157708,,,10.08.2012,с 25 декабря 2019 г.,True,20,960000000,3400000,7714881036_771401001@eo.tensor.ru,rusargo.com,False,"['выручка положительная', 'прибыль положительная']"
"ООО ""Слоно Логистика Север""",https://www.rusprofile.ru/id/11127889,,,15.08.2017,с 13 декабря 2024 г.,True,2,1800000000,8000,slonologsev@mail.ru,slonologsever.ru,False,"['арбитражных дел не больше 5', 'выручка положительная', 'прибыль положительная']"
"ООО ""Алватекс ЗТМ""",https://www.rusprofile.ru/id/3136200,,,29.11.1999,,False,110,1900000000,18000000,info@alvatex.ru,alvatex.ru,False,"['нет плашки истории руководителей', 'выручка положительная', 'прибыль положительная']"
"ООО ""Якамоз Торг""",https://www.rusprofile.ru/id/1640275,,,28.01.2010,с 29 мая 2025 г.,True,2,659000000,6200000,yakamoz.ooo@mail.ru,yakamoz-trade.ru,False,"['арбитражных дел не больше 5', 'выручка положительная', 'прибыль положительная']"
"ООО ""Один Тач""",https://www.rusprofile.ru/id/809212,,,10.03.2006,с 12 марта 2026 г.,True,1,1800000000,44000000,info@odintouch.ru,odintouch.ru,False,"['арбитражных дел не больше 5', 'выручка положительная', 'прибыль положительная']"
"ООО ""Тренд-СПБ""",https://www.rusprofile.ru/id/6688641,,,29.01.2013,с 18 августа 2021 г.,True,9,993000000,5200000,altsoft76@yamdex.ru,,False,"['выручка положительная', 'прибыль положительная', 'нет сайта или почты']"
"ООО ""Юсиджи""",https://www.rusprofile.ru/id/2458197,,,01.11.2008,с 14 ноября 2013 г.,False,89,7700000000,134000000,guseeva@ucgrus.ru,ucgrus.ru,False,"['нет плашки истории руководителей', 'выручка положительная', 'прибыль положительная']"
"ООО ""ЦТФ-Регион""",https://www.rusprofile.ru/id/133163,,,27.02.2006,с 14 июля 2020 г.,True,23,336000000,4700000,sales@ctf-m.ru,ctf-russia.ru,False,"['выручка положительная', 'прибыль положительная']"
"ООО ""Пластик Система""",https://www.rusprofile.ru/id/1218750,,,07.02.2008,с 19 октября 2022 г.,True,46,460000000,3400000,mail@plsm.ru,,False,"['выручка положительная', 'прибыль положительная', 'нет сайта или почты']"
"ООО ""Эмеральд""",https://www.rusprofile.ru/id/11867677,,,20.08.2019,с 20 августа 2019 г.,False,1,2000000000,15000000,13.angelika@gmail.com,,True,"['нет плашки истории руководителей', 'арбитражных дел не больше 5', 'выручка положительная', 'прибыль положительная', 'нет сайта или почты']"
"ООО ""Манупэкэджинг Рус""",https://www.rusprofile.ru/id/81623,,,30.11.2006,,True,24,624000000,60000000,buh1@manupackaging.ru,manulistretch.ru,False,"['выручка положительная', 'прибыль положительная']"
"ООО ""Комлинк СПБ""",https://www.rusprofile.ru/id/2893580,,,05.11.2004,с 4 сентября 2014 г.,False,13,320000000,4900000,buh@comlinkspb.com,comlinkspb.com,False,"['нет плашки истории руководителей', 'выручка положительная', 'прибыль положительная']"
"ООО ""ТД Востокстрой Групп""",https://www.rusprofile.ru/id/7807559,,,09.07.2014,с 22 сентября 2020 г.,True,28,5000000000,20000000,zakaz@5004000.ru,5004000.ru,False,"['выручка положительная', 'прибыль положительная']"
"ООО ""Грин Строй""",https://www.rusprofile.ru/id/11405769,,,09.04.2018,с 9 апреля 2018 г.,False,47,596000000,1400000,1c@green-stroy.com,green-stroy.com,False,"['нет плашки истории руководителей', 'выручка положительная', 'прибыль положительная']"
"ООО ""Имаск Торг""",https://www.rusprofile.ru/id/6160275,,,21.08.2012,с 28 января 2021 г.,True,0,312000000,5600000,,,False,"['арбитражных дел не больше 5', 'выручка положительная', 'прибыль положительная', 'нет сайта или почты']"
"ООО ""СК А2""",https://www.rusprofile.ru/id/10763478,,,07.11.2016,с 16 января 2018 г.,True,9,428000000,456000000,a.titova85@bk.ru,,False,"['выручка положительная', 'прибыль положительная', 'нет сайта или почты']"
"ООО ""Наоми""",https://www.rusprofile.ru/id/11434227,,,07.05.2018,с 25 декабря 2025 г.,True,1,532000000,9600000,naomi_02@rambler.ru,naomirus.ru,False,"['арбитражных дел не больше 5', 'выручка положительная', 'прибыль положительная']"
"ООО ""Райл-02""",https://www.rusprofile.ru/id/2481444,,,13.02.2002,с 10 сентября 2008 г.,False,22,664000000,16000000,as@deelor.ru,deelo.ru,False,"['нет плашки истории руководителей', 'выручка положительная', 'прибыль положительная']"
"ООО ""Промарт""",https://www.rusprofile.ru/id/4114504,,,05.08.2003,с 7 мая 2008 г.,False,39,2800000000,52000000,,marttrading.ru,False,"['нет плашки истории руководителей', 'выручка положительная', 'прибыль положительная', 'нет сайта или почты']"
"ООО ""Кровполимер""",https://www.rusprofile.ru/id/11285562,,,25.12.2017,с 2 сентября 2024 г.,True,8,684000000,4300000,,,False,"['выручка положительная', 'прибыль положительная', 'нет сайта или почты']"
"ООО ""ТРС""",https://www.rusprofile.ru/id/453417,,,20.09.2007,с 16 декабря 2025 г.,False,59,2800000000,153000000,agafonovagl@mail.ru,tegola.ru,False,"['нет плашки истории руководителей', 'выручка положительная', 'прибыль положительная']"
"ООО ""Катод Защита""",https://www.rusprofile.ru/id/10788820,,,01.12.2016,с 18 декабря 2019 г.,True,11,388000000,14000000,tyumen_mash@mail.ru,katod-zashita.ru,False,"['выручка положительная', 'прибыль положительная']"
"АО ""А.Миллер""",https://www.rusprofile.ru/id/1735688,,,13.11.1997,с 10 октября 2007 г.,False,16,341000000,14000000,office@a-miller.ru,a-miller.ru,False,"['нет плашки истории руководителей', 'выручка положительная', 'прибыль положительная']"
"ООО ""Видеркрафт Рус""",https://www.rusprofile.ru/id/2448725,,,09.03.2010,с 12 мая 2025 г.,True,5,1900000000,124000000,info@wkraft.ru,thermobile-russia.ru,False,"['арбитражных дел не больше 5', 'выручка положительная', 'прибыль положительная']"
"ООО ""РГК""",https://www.rusprofile.ru/id/10996839,,,02.05.2017,с 6 апреля 2018 г.,True,151,13000000000,354000000,info@rem-gas.ru,rem-gas.ru,False,"['выручка положительная', 'прибыль положительная']"
"АО ""Пожтехника Центр""",https://www.rusprofile.ru/id/3443535,,,02.03.1994,с 3 апреля 2018 г.,True,13,519000000,3700000,arsby@yandex.ru,ptc01.ru,False,"['выручка положительная', 'прибыль положительная']"
"ООО ""БГМ""",https://www.rusprofile.ru/id/2415886,,,19.06.2008,с 28 августа 2025 г.,True,14,441000000,47000,sales@bentogroup.ru,bentogroup.ru,False,"['выручка положительная', 'прибыль положительная']"
"ООО ""Лигарда""",https://www.rusprofile.ru/id/1217700473528,,,06.10.2021,с 5 марта 2025 г.,True,19,813000000,-40000000,sales@ligarda.ru,www.ligarda.ru,False,['выручка положительная']
"АО ""Ионообменные Технологии""",https://www.rusprofile.ru/id/1160560,,,12.05.2000,с 16 июля 2009 г.,False,113,9700000000,290000000,ionteh@ioteh.com,ioteh.ru,False,"['нет плашки истории руководителей', 'выручка положительная', 'прибыль положительная']"
"ООО ""Чистый Город""",https://www.rusprofile.ru/id/1207800089089,,,22.07.2020,с 11 февраля 2025 г.,True,8,325000000,1400000,konst.novikov77@gmail.com,,False,"['выручка положительная', 'прибыль положительная', 'нет сайта или почты']"
"ООО ""Иртыш-Арматура""",https://www.rusprofile.ru/id/5095869,,,04.02.2011,с 1 декабря 2016 г.,True,8,312000000,26000000,info@irtarm.ru,irtarm.ru,False,"['выручка положительная', 'прибыль положительная']"
"ООО ""Сонэс Логистик""",https://www.rusprofile.ru/id/1840965,,,03.06.2010,с 3 июня 2010 г.,False,12,2200000000,55000000,info@sones.ru,sones.ru,False,"['нет плашки истории руководителей', 'выручка положительная', 'прибыль положительная']"
"АО ""НПО ""Пульс""",https://www.rusprofile.ru/id/1555803,,,18.04.2003,с 3 октября 2023 г.,True,45,882000000,40000000,balashikha@npopuls.ru,npopuls.ru,False,"['выручка положительная', 'прибыль положительная']"
"ООО ""Смартен""",https://www.rusprofile.ru/id/5767896,,,09.12.2011,с 9 декабря 2011 г.,True,18,653000000,3400000,finance@mdcompany.ru,mdcompany.ru,False,"['выручка положительная', 'прибыль положительная']"
"ООО ""Рустехатом""",https://www.rusprofile.ru/id/11227439,,,08.11.2017,с 10 сентября 2025 г.,True,17,503000000,,buh@rustehatom.ru,rustehatom.ru,False,['выручка положительная']
"ООО ""Сталь-Череповец""",https://www.rusprofile.ru/id/1381703,,,14.02.1997,с 27 августа 2004 г.,False,82,446000000,12000000,metal@stal-cherepovets.ru,stal-cherepovets.ru,False,"['нет плашки истории руководителей', 'выручка положительная', 'прибыль положительная']"
"ООО ""Гидронмаш - М""",https://www.rusprofile.ru/id/7729965,,,22.01.2015,с 28 мая 2025 г.,True,0,767000000,1300000,gidronmash@mail.ru,gidronmash-m.ru,False,"['арбитражных дел не больше 5', 'выручка положительная', 'прибыль положительная']"
"ООО ""Колибри""",https://www.rusprofile.ru/id/7007362,,,09.08.2013,с 3 октября 2023 г.,True,9,2300000000,-34000000,colibri.import@gmail.com,kolibri-rus.ru,False,['выручка положительная']
"ООО ""ИРРК Фрагмит""",https://www.rusprofile.ru/id/7462470,,,20.02.2015,с 20 февраля 2015 г.,False,21,597000000,2000000,info@fragmit.com,fragmit.com,False,"['нет плашки истории руководителей', 'выручка положительная', 'прибыль положительная']"
"ООО ""Спецмаш""",https://www.rusprofile.ru/id/10574860,,,02.08.2016,с 7 мая 2020 г.,True,8,371000000,37000000,,,False,"['выручка положительная', 'прибыль положительная', 'нет сайта или почты']"
"ООО ""Стандарт""",https://www.rusprofile.ru/id/1227700565465,,,12.09.2022,с 3 октября 2025 г.,True,0,877000000,544000,standart654@yandex.ru,standartlogist.ru,False,"['арбитражных дел не больше 5', 'выручка положительная', 'прибыль положительная']"
"ООО ""Веллтрейд""",https://www.rusprofile.ru/id/9265126,,,30.10.2014,с 19 февраля 2024 г.,True,4,2100000000,11000000,velltreid@mail.ru,,False,"['арбитражных дел не больше 5', 'выручка положительная', 'прибыль положительная', 'нет сайта или почты']"
"ООО ""Клевер""",https://www.rusprofile.ru/id/1207700322213,,,03.09.2020,с 9 декабря 2024 г.,True,0,509000000,30000000,,,False,"['арбитражных дел не больше 5', 'выручка положительная', 'прибыль положительная', 'нет сайта или почты']"
"ООО ""Николь""",https://www.rusprofile.ru/id/7734870,,,08.06.2015,с 10 сентября 2021 г.,True,12,1100000000,12000000,countinghouse@yandex.ru,,False,"['выручка положительная', 'прибыль положительная', 'нет сайта или почты']"
"ООО ""Ригида""",https://www.rusprofile.ru/id/10986391,,,21.04.2017,с 21 января 2022 г.,True,2,1100000000,14000000,,,False,"['арбитражных дел не больше 5', 'выручка положительная', 'прибыль положительная', 'нет сайта или почты']"
"ООО ""Инкор""",https://www.rusprofile.ru/id/7700265,,,25.06.2015,с 25 июня 2015 г.,False,17,1700000000,67000000,info@incortrade.com,incortrade.com,False,"['нет плашки истории руководителей', 'выручка положительная', 'прибыль положительная']"
"ООО ""Византия""",https://www.rusprofile.ru/id/11576785,,,03.10.2018,с 1 марта 2019 г.,True,8,1300000000,65000000,777-01-01@mail.ru,wizantia.ru,False,"['выручка положительная', 'прибыль положительная']"
"ООО ""ИК ""Рост""",https://www.rusprofile.ru/id/3805692,,,10.08.2009,с 28 октября 2015 г.,True,8,1700000000,14000000,sharfunova@continentalplast.ru,continentalplast.ru,False,"['выручка положительная', 'прибыль положительная']"
"ООО ""Гальди""",https://www.rusprofile.ru/id/5252594,,,10.02.2011,с 11 апреля 2017 г.,True,0,337000000,49000000,fin.russia@myaldi.com,galdi.ru,False,"['арбитражных дел не больше 5', 'выручка положительная', 'прибыль положительная']"
"ООО ""Траск""",https://www.rusprofile.ru/id/10823667,,,21.12.2016,с 15 сентября 2020 г.,True,12,464000000,-18000000,ab_baget@mail.ru,,False,"['выручка положительная', 'нет сайта или почты']"
"ООО ""Трансснаб-Урал""",https://www.rusprofile.ru/id/10612773,,,01.09.2016,с 29 августа 2019 г.,True,8,488000000,53000000,info@transsnabural.ru,transsnabural.ru,False,"['выручка положительная', 'прибыль положительная']"
"ООО ""Юнибренд""",https://www.rusprofile.ru/id/1207700319419,,,31.08.2020,с 20 ноября 2023 г.,True,8,1600000000,9400000,etagunova@upeco.ru,,False,"['выручка положительная', 'прибыль положительная', 'нет сайта или почты']"
"ООО ""Инвестактивгрупп""",https://www.rusprofile.ru/id/6872128,,,19.04.2013,с 19 апреля 2013 г.,False,20,3000000000,59000000,info@investaktivgroup.ru,investaktivgroup.ru,False,"['нет плашки истории руководителей', 'выручка положительная', 'прибыль положительная']"
"ООО ""Смарт Деливери""",https://www.rusprofile.ru/id/10940537,,,22.03.2017,с 28 февраля 2019 г.,True,10,2100000000,293000000,lawyer@taller.su,,False,"['выручка положительная', 'прибыль положительная', 'нет сайта или почты']"
"ООО ""Полипласт""",https://www.rusprofile.ru/id/11457967,,,01.06.2018,с 1 июня 2018 г.,False,2,823000000,3500000,,,True,"['нет плашки истории руководителей', 'арбитражных дел не больше 5', 'выручка положительная', 'прибыль положительная', 'нет сайта или почты']"
"АО ""Эспе""",https://www.rusprofile.ru/id/2197307,,,07.02.1996,с 20 ноября 2014 г.,True,23,343000000,3600000,chelyabinsk@espe.spb.ru,espe.spb.ru,False,"['выручка положительная', 'прибыль положительная']"
"ООО ""Глобал Трейд""",https://www.rusprofile.ru/id/5798884,,,20.12.2011,с 27 мая 2020 г.,True,40,917000000,11000000,780516s@host20.taxcom.ru,globl-trade.ru,False,"['выручка положительная', 'прибыль положительная']"
"ООО Строительная Компания ""Алатырь""",https://www.rusprofile.ru/id/7546151,,,21.03.2015,с 17 апреля 2025 г.,True,5,1300000000,7400000,altir.sl.ooo@mail.ru,alatyr-stroi.ru,False,"['арбитражных дел не больше 5', 'выручка положительная', 'прибыль положительная']"
"ООО ""Проект 111""",https://www.rusprofile.ru/id/3575312,,,18.10.2004,с 3 ноября 2021 г.,True,12,9400000000,809000000,akonovalov@msk.gifts.ru,msk.gifts.ru,False,"['выручка положительная', 'прибыль положительная']"
"ООО ""Протос и к""",https://www.rusprofile.ru/id/3851722,,,16.07.1998,,False,0,388000000,-5800000,info@protos.ru,protos.ru,False,"['нет плашки истории руководителей', 'арбитражных дел не больше 5', 'выручка положительная']"
"ООО ""Эней""",https://www.rusprofile.ru/id/417929,,,17.02.2009,с 30 августа 2013 г.,False,20,345000000,2100000,info@aney-company.ru,aney-company.ru,False,"['нет плашки истории руководителей', 'выручка положительная', 'прибыль положительная']"
"ООО ""Сигма""",https://www.rusprofile.ru/id/11827844,,,02.07.2019,с 8 сентября 2025 г.,True,6,339000000,1500000,info@lemniskata.info,,False,"['выручка положительная', 'прибыль положительная', 'нет сайта или почты']"
"ООО ""ТД ""Курносики""",https://www.rusprofile.ru/id/6036046,,,16.04.2012,с 17 августа 2021 г.,True,16,375000000,-844000000,abuyanova@kurnosiky.com,kurnosiky.com,False,['выручка положительная']
"ООО ""Акспром""",https://www.rusprofile.ru/id/3516711,,,25.01.2010,с 11 ноября 2010 г.,False,48,708000000,56000,info@aksprom.ru,aksprom.ru,False,"['нет плашки истории руководителей', 'выручка положительная', 'прибыль положительная']"
"ООО ""Флинт""",https://www.rusprofile.ru/id/3650954,,,18.03.2009,с 25 июля 2025 г.,True,0,960000000,23000000,,,False,"['арбитражных дел не больше 5', 'выручка положительная', 'прибыль положительная', 'нет сайта или почты']"
"ООО ""Праймкит""",https://www.rusprofile.ru/id/10846808,,,20.01.2017,с 16 декабря 2022 г.,True,11,881000000,17000000,o.balaev@primekit.ru,primekit.ru,False,"['выручка положительная', 'прибыль положительная']"
"ООО ""Стройжелдорпроект-СЦБ""",https://www.rusprofile.ru/id/3141741,,,31.01.2008,с 8 февраля 2017 г.,True,8,1700000000,215000000,info@stroy-scb.ru,stroy-scb.ru,False,"['выручка положительная', 'прибыль положительная']"
"ООО ""ТД ЦНТ""",https://www.rusprofile.ru/id/2955789,,,18.01.2007,с 11 декабря 2025 г.,True,13,305000000,37000000,info@navitel.su,,False,"['выручка положительная', 'прибыль положительная', 'нет сайта или почты']"
"ООО ""Медикосм""",https://www.rusprofile.ru/id/7888568,,,20.08.2015,с 26 августа 2022 г.,True,11,912000000,89000000,e.poryadina@medicosm.ru,medicosm.ru,False,"['выручка положительная', 'прибыль положительная']"
"ООО ""НПИ""",https://www.rusprofile.ru/id/5747398,,,01.12.2011,с 1 декабря 2011 г.,False,12,582000000,53000000,office@npi-company.ru,npi-company.ru,False,"['нет плашки истории руководителей', 'выручка положительная', 'прибыль положительная']"
"ООО ""ПИК-Эксперт""",https://www.rusprofile.ru/id/7041449,,,15.11.2013,с 26 марта 2018 г.,True,21,463000000,65000000,mag911@list.ru,,False,"['выручка положительная', 'прибыль положительная', 'нет сайта или почты']"
"ООО ""Люкс""",https://www.rusprofile.ru/id/1237700941829,,,26.12.2023,с 4 марта 2024 г.,True,0,601000000,48000,info@lukscomp.ru,www.lukscomp.ru,False,"['арбитражных дел не больше 5', 'выручка положительная', 'прибыль положительная']"
"ООО ""ХТС Рус""",https://www.rusprofile.ru/id/7620487,,,31.03.2015,с 15 ноября 2024 г.,True,6,1500000000,-93000000,lydia.smirnova@htseurope.com,htseurope.ru,False,['выручка положительная']
"ООО ""ПКФ Осв ПАК""",https://www.rusprofile.ru/id/3059371,,,26.02.2004,с 26 февраля 2004 г.,False,18,1900000000,37000000,streich.pack@gmail.com,www.pkfosvpak.msk.ru,False,"['нет плашки истории руководителей', 'выручка положительная', 'прибыль положительная']"
"ООО ""Айоэсси Раша""",https://www.rusprofile.ru/id/11718848,,,27.02.2019,с 12 января 2024 г.,True,37,1300000000,30000000,,,False,"['выручка положительная', 'прибыль положительная', 'нет сайта или почты']"
"ООО ""БС-Актио""",https://www.rusprofile.ru/id/8553089,,,29.04.2014,с 10 февраля 2020 г.,True,29,422000000,4300000,anna1610@inbox.ru,bs-aktio.ru,False,"['выручка положительная', 'прибыль положительная']"
"ООО ""Март Трейдинг""",https://www.rusprofile.ru/id/3873104,,,25.04.1996,с 13 января 2010 г.,False,5,2400000000,67000000,,,True,"['нет плашки истории руководителей', 'арбитражных дел не больше 5', 'выручка положительная', 'прибыль положительная', 'нет сайта или почты']"
"ООО ""Локо-ЛТД""",https://www.rusprofile.ru/id/4120704,,,26.07.2005,с 5 марта 2026 г.,True,3,317000000,343000,loko@lokoltd.ru,lokoltd.ru,False,"['арбитражных дел не больше 5', 'выручка положительная', 'прибыль положительная']"
"ООО ""Промышленно-Инвестиционная Компания ""Берег""",https://www.rusprofile.ru/id/3924123,,,18.09.2003,с 29 мая 2025 г.,True,3,1800000000,6300000,pibereg_ooo@rambler.ru,pi-bereg.ru,False,"['арбитражных дел не больше 5', 'выручка положительная', 'прибыль положительная']"
"ООО ТПП ""Никан""",https://www.rusprofile.ru/id/5788526,,,20.12.2011,с 2 июля 2024 г.,True,1,543000000,2400000,info@tppnikan.ru,tppnikan.ru,False,"['арбитражных дел не больше 5', 'выручка положительная', 'прибыль положительная']"
"ООО ""Стройметиз""",https://www.rusprofile.ru/id/238153,,,23.06.1997,с 4 августа 2023 г.,True,178,2200000000,1300000,info@smetiz.ru,smetiz.ru,False,"['выручка положительная', 'прибыль положительная']"
"ООО ""ОСТ""",https://www.rusprofile.ru/id/11221740,,,02.11.2017,с 25 марта 2024 г.,True,122,1300000000,129000000,info@railbearing.ru,,False,"['выручка положительная', 'прибыль положительная', 'нет сайта или почты']"
"ООО ""НПЦ ""Развитие""",https://www.rusprofile.ru/id/11111943,,,31.07.2017,с 1 декабря 2023 г.,True,53,3100000000,16000000,info@npc-r.ru,npc-r.ru,False,"['выручка положительная', 'прибыль положительная']"
"ООО ""Партнер-Электро""",https://www.rusprofile.ru/id/6071629,,,25.05.2012,с 2 февраля 2023 г.,True,21,1200000000,11000000,d.yashin@partner-electro.ru,partner-electro.ru,False,"['выручка положительная', 'прибыль положительная']"
"ООО ""Еис Логистик""",https://www.rusprofile.ru/id/10279003,,,25.12.2015,с 25 декабря 2015 г.,False,4,342000000,10000000,giv20-30@yandex.ru,,True,"['нет плашки истории руководителей', 'арбитражных дел не больше 5', 'выручка положительная', 'прибыль положительная', 'нет сайта или почты']"
"ООО ""Сварби""",https://www.rusprofile.ru/id/2816662,,,01.03.2001,с 28 мая 2007 г.,False,45,1300000000,-17000000,buch@svarbi.ru,svarbi.ru,False,"['нет плашки истории руководителей', 'выручка положительная']"
"ООО ""Макком""",https://www.rusprofile.ru/id/655283,,,12.05.1992,с 9 ноября 2009 г.,False,16,3700000000,48000000,makkom-m@makkom-m.ru,makkom-m.ru,False,"['нет плашки истории руководителей', 'выручка положительная', 'прибыль положительная']"
"ООО ""Нисса Центрум""",https://www.rusprofile.ru/id/1106826,,,05.07.1999,с 19 мая 2020 г.,True,45,1500000000,186000000,nissa@nissa.ru,nissa.ru,False,"['выручка положительная', 'прибыль положительная']"
"ООО ""Имэкс""",https://www.rusprofile.ru/id/1217800124838,,,13.08.2021,с 13 августа 2021 г.,False,7,10000000000,498000000,elshansky@gmail.com,,False,"['нет плашки истории руководителей', 'выручка положительная', 'прибыль положительная', 'нет сайта или почты']"
"ООО ""ТК Югнефтепродукт""",https://www.rusprofile.ru/id/11708352,,,19.02.2019,с 17 августа 2021 г.,True,60,16000000000,14000000,buh-unp@tk-unp.msk.ru,msk.ru,False,"['выручка положительная', 'прибыль положительная']"
"ООО ""Морган-Инжиниринг""",https://www.rusprofile.ru/id/11775865,,,25.04.2019,с 15 декабря 2023 г.,True,34,1100000000,76000000,d.goroshevich@morganrus.group,,False,"['выручка положительная', 'прибыль положительная', 'нет сайта или почты']"
"ООО ""Континентпак""",https://www.rusprofile.ru/id/1020431,,,03.09.2007,с 17 апреля 2026 г.,True,61,3000000000,40000000,olga0741@gmail.com,kontinentpack.ru,False,"['выручка положительная', 'прибыль положительная']"
"ООО ""Омега-Л""",https://www.rusprofile.ru/id/1049199,,,31.10.2007,с 3 сентября 2014 г.,False,7,421000000,101000000,info@omega-l.com,omega-l.com,False,"['нет плашки истории руководителей', 'выручка положительная', 'прибыль положительная']"
"ООО ""Геце Рус""",https://www.rusprofile.ru/id/5922636,,,24.11.2011,с 25 апреля 2016 г.,True,4,1100000000,53000000,t.shulezhko@geze.com,geze.com,False,"['арбитражных дел не больше 5', 'выручка положительная', 'прибыль положительная']"
"ООО ""Дисижн Стабилити""",https://www.rusprofile.ru/id/11950464,,,04.12.2019,с 10 ноября 2020 г.,True,1,816000000,3600000,designstability@mail.ru,,False,"['арбитражных дел не больше 5', 'выручка положительная', 'прибыль положительная', 'нет сайта или почты']"
"ООО ""Меганом""",https://www.rusprofile.ru/id/11716355,,,26.02.2019,с 26 ноября 2019 г.,True,10,1100000000,2700000,megafarm@megafarm.ru,megaph.ru,False,"['выручка положительная', 'прибыль положительная']"
"ООО ""Орлан""",https://www.rusprofile.ru/id/1227700016741,,,20.01.2022,с 12 апреля 2024 г.,True,0,514000000,50000000,torg@orlan-torg.ru,orlan-torg.ru,False,"['арбитражных дел не больше 5', 'выручка положительная', 'прибыль положительная']"
"ООО ТД ""Тамара""",https://www.rusprofile.ru/id/4215707,,,31.07.1996,с 28 мая 2008 г.,False,19,594000000,1900000,sales.tamari@yandex.ru,www.ingridmillet.ru,False,"['нет плашки истории руководителей', 'выручка положительная', 'прибыль положительная']"
"ООО ""Уют Керамики""",https://www.rusprofile.ru/id/3632379,,,05.03.2010,с 5 марта 2010 г.,True,2,1400000000,94000000,office@uceram.ru,uceram.ru,False,"['арбитражных дел не больше 5', 'выручка положительная', 'прибыль положительная']"
"ООО ""Биохем Рус""",https://www.rusprofile.ru/id/7436932,,,26.06.2014,с 5 ноября 2024 г.,True,14,572000000,-34000000,amirova@biochem.net,biochem.net,False,['выручка положительная']
"АО ""Оджи Инжиниринг""",https://www.rusprofile.ru/id/6615105,,,14.12.2012,с 30 мая 2025 г.,True,7,1000000000,143000000,ogeeng@ogeeng.com,g-tel.ru,False,"['выручка положительная', 'прибыль положительная']"
"ООО ""Трейдроут""",https://www.rusprofile.ru/id/11820307,,,21.06.2019,с 21 января 2022 г.,True,2,318000000,1700000,,,False,"['арбитражных дел не больше 5', 'выручка положительная', 'прибыль положительная', 'нет сайта или почты']"
"ООО ""Ника""",https://www.rusprofile.ru/id/10729965,,,20.10.2016,с 29 января 2025 г.,True,0,840000000,4500000,1nika@inbox.eu,mosnika.ru,False,"['арбитражных дел не больше 5', 'выручка положительная', 'прибыль положительная']"
"ООО ""Транстехснаб""",https://www.rusprofile.ru/id/11921832,,,29.10.2019,с 7 октября 2021 г.,True,0,821000000,10000000,,,False,"['арбитражных дел не больше 5', 'выручка положительная', 'прибыль положительная', 'нет сайта или почты']"
"ООО ""АТП""",https://www.rusprofile.ru/id/3476745,,,14.03.2006,с 25 апреля 2018 г.,True,47,1100000000,42000,bandakova_a@gkakti.ru,akti.ru,False,"['выручка положительная', 'прибыль положительная']"
"ООО ""Вива Гифтс""",https://www.rusprofile.ru/id/6655919,,,19.02.2013,с 19 февраля 2013 г.,False,0,495000000,104000000,info@vivagifts.ru,www.vivagifts.ru,False,"['нет плашки истории руководителей', 'арбитражных дел не больше 5', 'выручка положительная', 'прибыль положительная']"
"ООО ""АТГ""",https://www.rusprofile.ru/id/10786001,,,25.11.2016,с 11 июля 2023 г.,True,7,582000000,13000000,info@algoritm-tg.ru,,False,"['выручка положительная', 'прибыль положительная', 'нет сайта или почты']"
"ООО ""Мелас""",https://www.rusprofile.ru/id/3166054,,,16.05.2006,с 18 ноября 2022 г.,True,7,355000000,28000000,artemov@msk.hlebprom.ru,hlebprom.ru,False,"['выручка положительная', 'прибыль положительная']"
"ООО ""Джин""",https://www.rusprofile.ru/id/11281731,,,22.12.2017,с 1 июня 2021 г.,True,215,718000000,19000000,shcheglova@sales.gratwest.ru,gratwest.ru,False,"['выручка положительная', 'прибыль положительная']"
"ООО ""Эльбрус-2000""",https://www.rusprofile.ru/id/7857800,,,16.02.2015,с 16 февраля 2015 г.,False,3,448000000,5500000,ab@elbrus.ru,elbrus2000.ru,False,"['нет плашки истории руководителей', 'арбитражных дел не больше 5', 'выручка положительная', 'прибыль положительная']"
"ООО ""Компания Оптима""",https://www.rusprofile.ru/id/6124867,,,16.07.2012,с 15 октября 2012 г.,False,3,736000000,33000000,olga@optimakids.ru,optimakids.ru,False,"['нет плашки истории руководителей', 'арбитражных дел не больше 5', 'выручка положительная', 'прибыль положительная']"
"ООО ""Лифан Северо-Запад""",https://www.rusprofile.ru/id/10473266,,,10.05.2016,с 10 мая 2016 г.,False,37,1400000000,5300000,info@lifan-moto.ru,lifan-moto.ru,False,"['нет плашки истории руководителей', 'выручка положительная', 'прибыль положительная']"
"ООО ""Сервисный Центр ""Витязь""",https://www.rusprofile.ru/id/1654137,,,02.09.2008,с 27 июля 2021 г.,True,9,343000000,25000000,info@foxtekhnogr.ru,,False,"['выручка положительная', 'прибыль положительная', 'нет сайта или почты']"
"ООО ""ЗМК Групп""",https://www.rusprofile.ru/id/6843545,,,17.04.2013,с 28 февраля 2018 г.,True,6,428000000,21000000,info@zmkgroup.ru,zmkgroup.ru,False,"['выручка положительная', 'прибыль положительная']"
"ООО ""Рускон""",https://www.rusprofile.ru/id/7174006,,,12.02.2014,с 23 января 2026 г.,True,5,15000000000,11000000,glushenkova.alla@yandex.ru,,False,"['арбитражных дел не больше 5', 'выручка положительная', 'прибыль положительная', 'нет сайта или почты']"
"ООО ""Граникасервис""",https://www.rusprofile.ru/id/6918527,,,26.06.2013,с 10 декабря 2025 г.,True,76,620000000,-35000000,em-machulko@bitrix24.ru,bitrix24.ru,False,['выручка положительная']
"ООО ""Агбор""",https://www.rusprofile.ru/id/7878039,,,09.09.2015,с 17 декабря 2019 г.,True,10,594000000,26000000,info@agborm.ru,agborm.ru,False,"['выручка положительная', 'прибыль положительная']"
"ООО ""КБРР""",https://www.rusprofile.ru/id/10953573,,,31.03.2017,с 31 марта 2017 г.,False,30,2200000000,18000000,a.novickiy@mail.ru,kurilskiybereg.ru,False,"['нет плашки истории руководителей', 'выручка положительная', 'прибыль положительная']"
"ООО ""Атлант""",https://www.rusprofile.ru/id/1207700130417,,,20.03.2020,с 15 сентября 2021 г.,True,0,370000000,-1300000,oooatlant2023@gmail.com,oooatlant.ru,False,"['арбитражных дел не больше 5', 'выручка положительная']"
"ООО ""Тика ПРО""",https://www.rusprofile.ru/id/11778972,,,29.04.2019,с 31 октября 2022 г.,True,7,965000000,32000000,info@tica.pro,,False,"['выручка положительная', 'прибыль положительная', 'нет сайта или почты']"
"ООО ""Диэлком""",https://www.rusprofile.ru/id/6911698,,,21.06.2013,с 21 июня 2013 г.,False,19,416000000,13000000,shainsky75@gmail.com,dielcom.ru,False,"['нет плашки истории руководителей', 'выручка положительная', 'прибыль положительная']"
"ООО ""Контвэлл""",https://www.rusprofile.ru/id/11062230,,,21.06.2017,с 22 ноября 2024 г.,True,6,301000000,9000000,,,False,"['выручка положительная', 'прибыль положительная', 'нет сайта или почты']"
"ООО ""Т-Хелпер Связь""",https://www.rusprofile.ru/id/1110751,,,28.04.1999,с 3 апреля 2013 г.,False,21,727000000,134000000,larisa.pjpjva@t-helper.ru,t-helper.ru,False,"['нет плашки истории руководителей', 'выручка положительная', 'прибыль положительная']"
"ООО ""Планета""",https://www.rusprofile.ru/id/7326913,,,21.05.2014,с 16 октября 2019 г.,True,26,537000000,48000000,3362669@mail.ru,planeta-sos.ru,False,"['выручка положительная', 'прибыль положительная']"
"ООО ""Миком""",https://www.rusprofile.ru/id/1227700541540,,,01.09.2022,с 28 января 2025 г.,True,0,777000000,6900000,ooo.mikom@bk.ru,,False,"['арбитражных дел не больше 5', 'выручка положительная', 'прибыль положительная', 'нет сайта или почты']"
"ООО ""Питеропт""",https://www.rusprofile.ru/id/7521222,,,01.09.2014,с 1 сентября 2014 г.,False,3,331000000,589000,piteropt83@gmail.com,,True,"['нет плашки истории руководителей', 'арбитражных дел не больше 5', 'выручка положительная', 'прибыль положительная', 'нет сайта или почты']"
"АО ТД ""ЧИЗ""",https://www.rusprofile.ru/id/3172560,,,11.07.2002,с 18 октября 2002 г.,False,88,370000000,30000000,info02@tdchiz.ru,tdchiz.ru,False,"['нет плашки истории руководителей', 'выручка положительная', 'прибыль положительная']"
"ЗАО ""Т-Хелпер Телеком""",https://www.rusprofile.ru/id/2876785,,,28.04.1999,с 3 апреля 2013 г.,False,11,666000000,94000000,radio@t-helper.ru,t-helper.ru,False,"['нет плашки истории руководителей', 'выручка положительная', 'прибыль положительная']"
"ООО ""Оплот""",https://www.rusprofile.ru/id/1227700157453,,,22.03.2022,с 26 декабря 2024 г.,True,6,331000000,216000,o.goloshchapova@smart-pls.ru,,False,"['выручка положительная', 'прибыль положительная', 'нет сайта или почты']"
"ООО ""Фоксгрупп""",https://www.rusprofile.ru/id/11256633,,,01.12.2017,с 7 апреля 2022 г.,True,4,485000000,7800000,,,False,"['арбитражных дел не больше 5', 'выручка положительная', 'прибыль положительная', 'нет сайта или почты']"
"ООО ""Сумеко""",https://www.rusprofile.ru/id/101631,,,09.07.2003,с 9 июля 2003 г.,False,14,484000000,13000000,anna.volkova@sumeko.ru,,False,"['нет плашки истории руководителей', 'выручка положительная', 'прибыль положительная', 'нет сайта или почты']"
"ООО ""ТД Стинержи""",https://www.rusprofile.ru/id/918072,,,01.06.2007,с 16 октября 2008 г.,False,16,5200000000,1200000,,www.stynergy.com,False,"['нет плашки истории руководителей', 'выручка положительная', 'прибыль положительная', 'нет сайта или почты']"
"ООО ""Карпиджиани Солюшнз""",https://www.rusprofile.ru/id/820509,,,26.04.2007,с 11 февраля 2014 г.,False,1,921000000,106000000,info@carpigiani.ru,carpigiani.com,False,"['нет плашки истории руководителей', 'арбитражных дел не больше 5', 'выручка положительная', 'прибыль положительная']"
"ООО ""Анник-ТВ""",https://www.rusprofile.ru/id/4392852,,,27.09.1999,с 23 июля 2008 г.,False,4,439000000,29000000,mail@annik-tv.ru,annik-tv.ru,False,"['нет плашки истории руководителей', 'арбитражных дел не больше 5', 'выручка положительная', 'прибыль положительная']"
"ООО ""Софит Лайт""",https://www.rusprofile.ru/id/3585749,,,07.02.2001,с 27 января 2003 г.,False,2,561000000,42000000,info@sofitlight.ru,sofitlight.ru,False,"['нет плашки истории руководителей', 'арбитражных дел не больше 5', 'выручка положительная', 'прибыль положительная']"
"ООО ""Сева Санте Анималь""",https://www.rusprofile.ru/id/384469,,,18.05.2000,с 13 июня 2013 г.,False,31,9800000000,543000000,gorbulenko@cevavet.items.ru,www.ceva.com,False,"['нет плашки истории руководителей', 'выручка положительная', 'прибыль положительная']"
"ООО ""ТЦ Бытпласт""",https://www.rusprofile.ru/id/3241147,,,24.04.2000,с 9 апреля 2024 г.,True,55,4300000000,20000000,bogdanova@bytplast.ru,bytplast.ru,False,"['выручка положительная', 'прибыль положительная']"
"ООО""Заря Плюс""",https://www.rusprofile.ru/id/11658175,,,20.12.2018,с 20 декабря 2018 г.,False,0,354000000,3500000,zarya.plyus@bk.ru,,True,"['нет плашки истории руководителей', 'арбитражных дел не больше 5', 'выручка положительная', 'прибыль положительная', 'нет сайта или почты']"
"ООО ""Альянс""",https://www.rusprofile.ru/id/11664875,,,27.12.2018,с 20 марта 2019 г.,True,62,377000000,3900000,info@allians-group.ru,buhgalteria-plus.ru,False,"['выручка положительная', 'прибыль положительная']"
"ООО ""Олимп""",https://www.rusprofile.ru/id/11154063,,,06.09.2017,с 23 мая 2023 г.,True,16,489000000,9500000,office.izh@bk.ru,icbo.ru,False,"['выручка положительная', 'прибыль положительная']"
"ООО ""Тэди""",https://www.rusprofile.ru/id/7569613,,,12.03.2015,с 6 февраля 2026 г.,True,4,610000000,46000000,tedi897@rambler.ru,tedipro.ru,False,"['арбитражных дел не больше 5', 'выручка положительная', 'прибыль положительная']"
"ООО ""Кид Трейд""",https://www.rusprofile.ru/id/3464872,,,05.10.2007,с 13 октября 2015 г.,True,34,973000000,48000000,info@edmgroup.ru,edmgroup.ru,False,"['выручка положительная', 'прибыль положительная']"
"ООО ""Формула""",https://www.rusprofile.ru/id/541468,,,18.05.2009,с 6 октября 2025 г.,True,0,2700000000,152000000,info@formula-ltd.ru,formula-limited.ru,False,"['арбитражных дел не больше 5', 'выручка положительная', 'прибыль положительная']"
"ООО ""Авс-Трейд""",https://www.rusprofile.ru/id/10883322,,,09.02.2017,с 13 апреля 2023 г.,True,0,419000000,2700000,office@td-jet.ru,td-jet.ru,False,"['арбитражных дел не больше 5', 'выручка положительная', 'прибыль положительная']"
"ООО ""БЛМ Синержи""",https://www.rusprofile.ru/id/1679756,,,27.10.2006,с 14 декабря 2009 г.,False,64,729000000,37000000,info@blms.ru,blms.ru,False,"['нет плашки истории руководителей', 'выручка положительная', 'прибыль положительная']"
"ООО ""Купи на Дачу Логистик""",https://www.rusprofile.ru/id/7182158,,,05.02.2014,с 13 июня 2018 г.,True,2,3100000000,152000000,service@dw-pp.ru,daewoo-power.ru,False,"['арбитражных дел не больше 5', 'выручка положительная', 'прибыль положительная']"
"ООО""СЗПК""",https://www.rusprofile.ru/id/482812,,,25.10.2000,с 18 декабря 2007 г.,False,38,997000000,107000000,nw@szpk-nw.ru,szpkbearing.ru,False,"['нет плашки истории руководителей', 'выручка положительная', 'прибыль положительная']"
"ООО ""Техно-Групп""",https://www.rusprofile.ru/id/11589816,,,16.10.2018,с 4 мая 2026 г.,True,15,1400000000,113000000,tegr54@mail.ru,,False,"['выручка положительная', 'прибыль положительная', 'нет сайта или почты']"
"ООО ""Сантех-Заказ""",https://www.rusprofile.ru/id/6075709,,,04.05.2012,с 16 марта 2017 г.,False,35,1500000000,752000,4345329153_434501001@eo.tensor.ru,algiss.ru,False,"['нет плашки истории руководителей', 'выручка положительная', 'прибыль положительная']"
"ООО ""ДОН""",https://www.rusprofile.ru/id/7328996,,,29.09.2014,с 24 октября 2023 г.,True,87,1400000000,44000000,alena-don@mail.ru,ооо-дон.рф,False,"['выручка положительная', 'прибыль положительная']"
"ООО ""Арома Ингредиенты""",https://www.rusprofile.ru/id/1635592,,,19.11.2007,с 2 декабря 2022 г.,True,3,507000000,20000000,,www.aroma-ingradients.pulscen.ru,False,"['арбитражных дел не больше 5', 'выручка положительная', 'прибыль положительная', 'нет сайта или почты']"
"ООО ""МС Трэйд""",https://www.rusprofile.ru/id/3481373,,,13.02.2008,с 4 февраля 2016 г.,True,8,806000000,148000000,mctrademos@outlook.com,mctrademos.ru,False,"['выручка положительная', 'прибыль положительная']"
"ООО ""Горторгснаб""",https://www.rusprofile.ru/id/823236,,,25.04.1995,с 3 декабря 2007 г.,False,17,3100000000,126000,206@gortorgsnab.ru,gortorgsnab.ru,False,"['нет плашки истории руководителей', 'выручка положительная', 'прибыль положительная']"
"ООО ""Контакт ЭТ""",https://www.rusprofile.ru/id/5716582,,,14.06.2011,с 14 июня 2011 г.,False,1,21000000000,1000000000,kontakt.et@mail.ru,kontaktet.ru,False,"['нет плашки истории руководителей', 'арбитражных дел не больше 5', 'выручка положительная', 'прибыль положительная']"
"ООО ""ЭТК Групп""",https://www.rusprofile.ru/id/7869119,,,07.08.2015,с 3 декабря 2025 г.,True,2,578000000,35000000,vika_68@mail.ru,,False,"['арбитражных дел не больше 5', 'выручка положительная', 'прибыль положительная', 'нет сайта или почты']"
"ООО ""НКК""",https://www.rusprofile.ru/id/11824380,,,25.06.2019,с 25 июня 2019 г.,False,3,413000000,13000000,,,True,"['нет плашки истории руководителей', 'арбитражных дел не больше 5', 'выручка положительная', 'прибыль положительная', 'нет сайта или почты']"
"ООО ""Борче Машинери""",https://www.rusprofile.ru/id/11297791,,,11.01.2018,с 7 ноября 2019 г.,True,0,696000000,-3100000,info@borche-cis.ru,www.borche-cis.ru,False,"['арбитражных дел не больше 5', 'выручка положительная']"
"ООО ""Смарт""",https://www.rusprofile.ru/id/1227700291940,,,23.05.2022,с 5 сентября 2025 г.,True,0,487000000,44000,yelena.smart@bk.ru,cmartt.ru,False,"['арбитражных дел не больше 5', 'выручка положительная', 'прибыль положительная']"
"ООО ""Даджет""",https://www.rusprofile.ru/id/6583423,,,10.09.2012,с 25 мая 2026 г.,True,6,1400000000,4200000,e.m@dadget.ru,,False,"['выручка положительная', 'прибыль положительная', 'нет сайта или почты']"
"ООО ""Русток""",https://www.rusprofile.ru/id/3990695,,,20.11.2008,с 16 июля 2010 г.,False,76,530000000,2200000,104@rustok.ru,rustok.ru,False,"['нет плашки истории руководителей', 'выручка положительная', 'прибыль положительная']"
"ООО ""Арком""",https://www.rusprofile.ru/id/1237700276516,,,12.04.2023,с 13 ноября 2024 г.,True,0,301000000,19000000,,,False,"['арбитражных дел не больше 5', 'выручка положительная', 'прибыль положительная', 'нет сайта или почты']"
"АО""Ладога""",https://www.rusprofile.ru/id/3998798,,,19.03.2007,с 5 июля 2011 г.,False,16,762000000,72000000,lida.kerdivar@ladogales.ru,ladogaprof.ru,False,"['нет плашки истории руководителей', 'выручка положительная', 'прибыль положительная']"
"ООО ""ТД ""Рашворк""",https://www.rusprofile.ru/id/1207700382834,,,14.10.2020,с 27 декабря 2021 г.,True,9,695000000,-7500000,info@rushwork.ru,rushwork.ru,False,['выручка положительная']
"ООО ""Бернел""",https://www.rusprofile.ru/id/10118954,,,23.01.2013,с 23 января 2013 г.,False,1,365000000,12000000,mail@bernel.ru,bernel.ru,False,"['нет плашки истории руководителей', 'арбитражных дел не больше 5', 'выручка положительная', 'прибыль положительная']"
"ООО ""Прометекс""",https://www.rusprofile.ru/id/11791468,,,20.05.2019,с 26 февраля 2021 г.,True,42,595000000,6600000,info@prometex.pro,,False,"['выручка положительная', 'прибыль положительная', 'нет сайта или почты']"
"ООО ""ПИК""",https://www.rusprofile.ru/id/7311010,,,25.07.2014,с 12 марта 2026 г.,True,0,670000000,2100000,suhova@nkamin.ru,nkamin.ru,False,"['арбитражных дел не больше 5', 'выручка положительная', 'прибыль положительная']"
"ООО ""Сапсет""",https://www.rusprofile.ru/id/5972383,,,07.03.2012,с 7 марта 2012 г.,False,0,334000000,28000000,buhgalter1@gestion.ru,sapset.ru,False,"['нет плашки истории руководителей', 'арбитражных дел не больше 5', 'выручка положительная', 'прибыль положительная']"
"АО ""Инжиниринг Солюшнс""",https://www.rusprofile.ru/id/7354428,,,17.07.2014,с 17 июля 2014 г.,False,3,2900000000,230000000,post@eng-s.com,eng-s.com,False,"['нет плашки истории руководителей', 'арбитражных дел не больше 5', 'выручка положительная', 'прибыль положительная']"
"ООО ""ОСК Гранд""",https://www.rusprofile.ru/id/1237700292280,,,19.04.2023,с 19 апреля 2023 г.,False,0,490000000,2800000,,,True,"['нет плашки истории руководителей', 'арбитражных дел не больше 5', 'выручка положительная', 'прибыль положительная', 'нет сайта или почты']"
"ООО ""Стройпоставка""",https://www.rusprofile.ru/id/1207700349284,,,23.09.2020,с 23 сентября 2020 г.,False,54,481000000,43000000,,,False,"['нет плашки истории руководителей', 'выручка положительная', 'прибыль положительная', 'нет сайта или почты']"
"ООО ""Грайф Кэпитал""",https://www.rusprofile.ru/id/1227700690722,,,24.10.2022,с 27 августа 2025 г.,True,0,1100000000,16000,info@graif-capital.ru,graif-capital.ru,False,"['арбитражных дел не больше 5', 'выручка положительная', 'прибыль положительная']"
"ООО ""Трейдэнергогрупп""",https://www.rusprofile.ru/id/7479751,,,31.07.2014,с 31 июля 2014 г.,False,17,388000000,6300000,buh@trade-energo.com,trade-energo.com,False,"['нет плашки истории руководителей', 'выручка положительная', 'прибыль положительная']"
"ООО ""Пищепромпродукт""",https://www.rusprofile.ru/id/11646319,,,12.12.2018,с 20 апреля 2023 г.,True,6,778000000,137000000,,,False,"['выручка положительная', 'прибыль положительная', 'нет сайта или почты']"
"ООО ""Инвента Капитал""",https://www.rusprofile.ru/id/1227700547359,,,05.09.2022,с 15 апреля 2026 г.,True,0,1100000000,961000,,,False,"['арбитражных дел не больше 5', 'выручка положительная', 'прибыль положительная', 'нет сайта или почты']"
"ООО ""НПК ""Энергоинфотранс""",https://www.rusprofile.ru/id/5818220,,,12.01.2012,с 11 августа 2017 г.,True,58,1100000000,15000000,kresla-aleks@mail.ru,,False,"['выручка положительная', 'прибыль положительная', 'нет сайта или почты']"
"ООО ""ТОР""",https://www.rusprofile.ru/id/7342937,,,11.12.2014,с 6 февраля 2026 г.,True,10,726000000,-30000000,med.m@atmk.ru,,False,"['выручка положительная', 'нет сайта или почты']"
"ООО ""Эмси""",https://www.rusprofile.ru/id/2847603,,,26.01.1995,с 1 июня 2023 г.,True,36,2000000000,160000000,info@pristavka.com,pristavka.com,False,"['выручка положительная', 'прибыль положительная']"
"ООО НПП ""Спецтех""",https://www.rusprofile.ru/id/802382,,,20.08.2010,с 20 августа 2010 г.,False,36,1100000000,57000000,doc@nppst.com,нппспецтех.рф,False,"['нет плашки истории руководителей', 'выручка положительная', 'прибыль положительная']"
"ООО ""ТМХ-Энергетические Решения""",https://www.rusprofile.ru/id/1207700422830,,,10.11.2020,с 12 февраля 2024 г.,True,9,7000000000,94000000,,,False,"['выручка положительная', 'прибыль положительная', 'нет сайта или почты']"
"ООО ""Муверс Групп""",https://www.rusprofile.ru/id/11109892,,,28.07.2017,с 28 июля 2017 г.,False,3,329000000,3100000,info@movers-group.com,gchinagroup.com,False,"['нет плашки истории руководителей', 'арбитражных дел не больше 5', 'выручка положительная', 'прибыль положительная']"
"ООО ""Единство""",https://www.rusprofile.ru/id/5816150,,,18.01.2012,с 18 января 2012 г.,False,28,385000000,96000000,info@edinstwo.com,edinstwo.com,False,"['нет плашки истории руководителей', 'выручка положительная', 'прибыль положительная']"
"ООО ""КСК""",https://www.rusprofile.ru/id/4159411,,,26.01.2005,с 19 февраля 2007 г.,False,126,1700000000,6000000,shop@grillroom.ru,grillroom.ru,False,"['нет плашки истории руководителей', 'выручка положительная', 'прибыль положительная']"
"ООО ""Феникс Лубрикантс""",https://www.rusprofile.ru/id/11714129,,,25.02.2019,с 25 февраля 2019 г.,False,7,3600000000,169000000,,,False,"['нет плашки истории руководителей', 'выручка положительная', 'прибыль положительная', 'нет сайта или почты']"
"ООО ""УВП - КС""",https://www.rusprofile.ru/id/11402657,,,06.04.2018,с 18 июня 2018 г.,True,50,1300000000,16000000,a.kuzin@fot-company.ru,,False,"['выручка положительная', 'прибыль положительная', 'нет сайта или почты']"
"ООО ""Аван Транспорт""",https://www.rusprofile.ru/id/3843784,,,05.12.2003,с 16 июня 2020 г.,True,8,447000000,14000000,buh.avantransport@gmail.com,avantransport.com,False,"['выручка положительная', 'прибыль положительная']"
"ООО ""Бизнесресурс""",https://www.rusprofile.ru/id/10872926,,,06.02.2017,с 5 июня 2017 г.,True,8,679000000,22000000,sales@resource.beer,,False,"['выручка положительная', 'прибыль положительная', 'нет сайта или почты']"
"ООО ""4Сезона""",https://www.rusprofile.ru/id/11148760,,,01.09.2017,с 14 ноября 2024 г.,True,1,398000000,5400000,buh1409@gmail.com,,False,"['арбитражных дел не больше 5', 'выручка положительная', 'прибыль положительная', 'нет сайта или почты']"
"ООО ""Проторг""",https://www.rusprofile.ru/id/1234700008938,,,14.04.2023,с 3 июня 2025 г.,True,0,376000000,206000,kosmonavt281@rambler.ru,,False,"['арбитражных дел не больше 5', 'выручка положительная', 'прибыль положительная', 'нет сайта или почты']"
"ООО ""Компоненты-Технологии""",https://www.rusprofile.ru/id/7139496,,,24.01.2014,с 10 апреля 2025 г.,True,0,491000000,9600000,comp.tex@mail.ru,components-technologies.ru,False,"['арбитражных дел не больше 5', 'выручка положительная', 'прибыль положительная']"
"ООО ""Полимеры""",https://www.rusprofile.ru/id/3708954,,,31.08.2009,с 31 августа 2009 г.,False,30,3100000000,89000000,ombragina@mail.ru,polimer-sd.ru,False,"['нет плашки истории руководителей', 'выручка положительная', 'прибыль положительная']"
"ООО ""Эко-Тест Холдинг""",https://www.rusprofile.ru/id/6119007,,,03.07.2012,с 3 июля 2012 г.,False,11,880000000,6300000,sale@emftest.ru,,False,"['нет плашки истории руководителей', 'выручка положительная', 'прибыль положительная', 'нет сайта или почты']"
"ООО ""Сарая СНГ""",https://www.rusprofile.ru/id/2508143,,,16.09.2005,с 1 сентября 2023 г.,True,13,363000000,77000000,sales@saraya-shop.ru,saraya-shop.ru,False,"['выручка положительная', 'прибыль положительная']"
"ООО ""АЭР""",https://www.rusprofile.ru/id/7063413,,,18.12.2013,с 22 ноября 2021 г.,True,5,2400000000,261000000,inna.potapova@ext.ansaldoenergia.com,www.ansaldoenergia.com,False,"['арбитражных дел не больше 5', 'выручка положительная', 'прибыль положительная']"
"ООО ""Гранула""",https://www.rusprofile.ru/id/1237700508429,,,28.07.2023,с 20 октября 2025 г.,True,0,756000000,38000000,,,False,"['арбитражных дел не больше 5', 'выручка положительная', 'прибыль положительная', 'нет сайта или почты']"
"ООО ""Криспи""",https://www.rusprofile.ru/id/11470555,,,13.06.2018,с 23 октября 2025 г.,True,0,1500000000,152000000,,,False,"['арбитражных дел не больше 5', 'выручка положительная', 'прибыль положительная', 'нет сайта или почты']"
"АО ""Каргодил""",https://www.rusprofile.ru/id/11968311,,,25.12.2019,,True,34,889000000,484000,,,False,"['выручка положительная', 'прибыль положительная', 'нет сайта или почты']"
"ООО ""Апрель Трейдинг""",https://www.rusprofile.ru/id/1227700191740,,,04.04.2022,с 22 января 2026 г.,True,1,1100000000,35000000,info@apriltd.com,healthyoffice.ru,False,"['арбитражных дел не больше 5', 'выручка положительная', 'прибыль положительная']"
"ООО ""Виста Лайн""",https://www.rusprofile.ru/id/3906629,,,05.06.2008,с 7 апреля 2025 г.,True,1,796000000,33000000,7705845514_770501001@eo.tensor.ru,vistaline.ru,False,"['арбитражных дел не больше 5', 'выручка положительная', 'прибыль положительная']"
"ООО ""Файндизайнгрупп""",https://www.rusprofile.ru/id/10548542,,,12.07.2016,с 12 июля 2016 г.,False,9,729000000,3200000,info@finedesigngroup.ru,finedesigngroup.ru,False,"['нет плашки истории руководителей', 'выручка положительная', 'прибыль положительная']"
"ООО ""Корлой Рус""",https://www.rusprofile.ru/id/1207700004225,,,13.01.2020,с 30 апреля 2020 г.,True,3,1400000000,-30000000,,,False,"['арбитражных дел не больше 5', 'выручка положительная', 'нет сайта или почты']"
"ООО ""Инвестнедраснаб""",https://www.rusprofile.ru/id/5898172,,,22.10.2011,с 22 октября 2011 г.,False,76,770000000,16000000,info@nedrasnab.ru,investnedrasnab.ru,False,"['нет плашки истории руководителей', 'выручка положительная', 'прибыль положительная']"
"ООО ""Тальке Раша""",https://www.rusprofile.ru/id/1227700010504,,,17.01.2022,с 18 сентября 2024 г.,True,2,3000000000,214000000,irina.ermakova@roedl.com,roedl.com,False,"['арбитражных дел не больше 5', 'выручка положительная', 'прибыль положительная']"
"ООО ""Арис""",https://www.rusprofile.ru/id/10243045,,,01.12.2015,с 16 мая 2024 г.,True,20,619000000,85000000,aris@arispro.ru,arispro.ru,False,"['выручка положительная', 'прибыль положительная']"
"ООО ""Торговый Дом ""Восточное Партнёрство""",https://www.rusprofile.ru/id/1207700277234,,,06.08.2020,с 5 сентября 2023 г.,True,1,573000000,-55000000,info@eapartner.ru,eapartner.ru,False,"['арбитражных дел не больше 5', 'выручка положительная']"
"ООО ""Скиф""",https://www.rusprofile.ru/id/1227700226907,,,18.04.2022,с 6 апреля 2026 г.,True,1,413000000,5500000,sale@skif.su,,False,"['арбитражных дел не больше 5', 'выручка положительная', 'прибыль положительная', 'нет сайта или почты']"
"ООО ""Шелтек Групп""",https://www.rusprofile.ru/id/610682,,,15.01.2003,с 29 декабря 2023 г.,True,1,351000000,54000000,info@kiosksworld.ru,kiosksworld.ru,False,"['арбитражных дел не больше 5', 'выручка положительная', 'прибыль положительная']"
"ООО ""Авс Аналитика""",https://www.rusprofile.ru/id/11708113,,,19.02.2019,с 19 февраля 2019 г.,False,7,475000000,7500000,,staffhunter.ru,False,"['нет плашки истории руководителей', 'выручка положительная', 'прибыль положительная', 'нет сайта или почты']"
"ООО ""Супорт""",https://www.rusprofile.ru/id/1207700175231,,,26.05.2020,с 26 мая 2020 г.,False,3,685000000,2500000,bu421@yandex.ru,,True,"['нет плашки истории руководителей', 'арбитражных дел не больше 5', 'выручка положительная', 'прибыль положительная', 'нет сайта или почты']"
"ООО ""Текстильпластторг""",https://www.rusprofile.ru/id/10225971,,,20.11.2015,с 23 апреля 2026 г.,True,14,719000000,11000000,tpt2015@bk.ru,berossi.ru,False,"['выручка положительная', 'прибыль положительная']"
"ООО ""Фоке Сервис Ст.-ПБ""",https://www.rusprofile.ru/id/856348,,,21.03.2008,с 10 ноября 2023 г.,True,3,1100000000,55000000,info@focke.ru,directory.spb.ru,False,"['арбитражных дел не больше 5', 'выручка положительная', 'прибыль положительная']"
"АО ""Вюрт Северо-Запад""",https://www.rusprofile.ru/id/3975424,,,17.08.1993,с 6 марта 2003 г.,False,203,1600000000,2600000,blowrussia@mail.ru,www.wuerth.spb.ru,False,"['нет плашки истории руководителей', 'выручка положительная', 'прибыль положительная']"
"ООО ""Альма""",https://www.rusprofile.ru/id/11557896,,,12.09.2018,,True,21,656000000,3400000,docs.multi@gmail.ru,,False,"['выручка положительная', 'прибыль положительная', 'нет сайта или почты']"
"ООО ""Стройресурс-Опт""",https://www.rusprofile.ru/id/11703212,,,14.02.2019,с 25 апреля 2023 г.,True,5,1200000000,146000000,stroiresurs.opt@yandex.ru,,False,"['арбитражных дел не больше 5', 'выручка положительная', 'прибыль положительная', 'нет сайта или почты']"
"ООО ТД ""Милана""",https://www.rusprofile.ru/id/1237700748042,,,02.11.2023,с 13 мая 2026 г.,True,0,565000000,12000000,tdmilana1@gmail.com,td-milana.ru,False,"['арбитражных дел не больше 5', 'выручка положительная', 'прибыль положительная']"
"ООО ""Кипарис""",https://www.rusprofile.ru/id/1227700496000,,,16.08.2022,с 15 июля 2024 г.,True,0,581000000,7800000,s9309434572@yandex.ru,,False,"['арбитражных дел не больше 5', 'выручка положительная', 'прибыль положительная', 'нет сайта или почты']"
"ООО ""Жат Комплектация""",https://www.rusprofile.ru/id/11467331,,,09.06.2018,с 20 марта 2023 г.,True,2,4000000000,133000000,,,False,"['арбитражных дел не больше 5', 'выручка положительная', 'прибыль положительная', 'нет сайта или почты']"
"ООО ""Норматех""",https://www.rusprofile.ru/id/11673540,,,17.01.2019,с 17 февраля 2023 г.,True,14,301000000,10000000,info@norma-tech.ru,norma-tech.ru,False,"['выручка положительная', 'прибыль положительная']"
"ООО ""Индикатор П""",https://www.rusprofile.ru/id/11715987,,,26.02.2019,с 3 ноября 2022 г.,True,2,472000000,50000000,ekaterinka_shr@mail.ru,,False,"['арбитражных дел не больше 5', 'выручка положительная', 'прибыль положительная', 'нет сайта или почты']"
"ООО ""Смарт Автоматизация""",https://www.rusprofile.ru/id/1227800095643,,,26.07.2022,с 30 декабря 2022 г.,True,8,1600000000,85000000,,,False,"['выручка положительная', 'прибыль положительная', 'нет сайта или почты']"
"ООО ""ТД Зевс""",https://www.rusprofile.ru/id/10317386,,,12.01.2016,с 12 января 2016 г.,False,521,684000000,178000,223@zefz.ru,,False,"['нет плашки истории руководителей', 'выручка положительная', 'прибыль положительная', 'нет сайта или почты']"
"ООО ""Кук Студио""",https://www.rusprofile.ru/id/1207700278334,,,07.08.2020,с 20 августа 2025 г.,True,11,4300000000,3100000,k.aleksandra@cookstudio.ru,,False,"['выручка положительная', 'прибыль положительная', 'нет сайта или почты']"
"ООО ""Завод Горелочного Оборудования""",https://www.rusprofile.ru/id/1225000098619,,,07.09.2022,с 29 мая 2023 г.,True,0,1600000000,163000000,diesel_89@bk.ru,,False,"['арбитражных дел не больше 5', 'выручка положительная', 'прибыль положительная', 'нет сайта или почты']"
"ООО ""Пуянг Огнеупоры Груп-Рус""",https://www.rusprofile.ru/id/7492625,,,28.10.2014,с 28 октября 2014 г.,False,16,5800000000,-107000000,prco.odv@gmail.com,puyang.ru,False,"['нет плашки истории руководителей', 'выручка положительная']"
"ООО ""ЕСК""",https://www.rusprofile.ru/id/11086917,,,14.07.2017,,True,2,2000000000,296000000,,,False,"['арбитражных дел не больше 5', 'выручка положительная', 'прибыль положительная', 'нет сайта или почты']"
"ООО ""Комплексные Поставки""",https://www.rusprofile.ru/id/1207700316130,,,31.08.2020,с 22 октября 2021 г.,True,6,3800000000,28000000,info@contract-center.ru,,False,"['выручка положительная', 'прибыль положительная', 'нет сайта или почты']"
"АО ТД ""Завод ""Микрон""",https://www.rusprofile.ru/id/1973074,,,18.06.2002,с 23 июня 2010 г.,False,41,364000000,110000000,info@microntools.ru,microntools.ru,False,"['нет плашки истории руководителей', 'выручка положительная', 'прибыль положительная']"
"ООО ""ТД Спецперчатка""",https://www.rusprofile.ru/id/2793670,,,18.10.2007,с 25 июня 2009 г.,False,19,830000000,90000000,info@sperch.ru,,False,"['нет плашки истории руководителей', 'выручка положительная', 'прибыль положительная', 'нет сайта или почты']"
"ООО ""ТД ""СКС""",https://www.rusprofile.ru/id/10942630,,,24.03.2017,с 24 марта 2017 г.,False,20,341000000,-25000000,info@tdsks.ru,,False,"['нет плашки истории руководителей', 'выручка положительная', 'нет сайта или почты']"
"ООО ""Мта-19""",https://www.rusprofile.ru/id/11786114,,,14.05.2019,с 24 февраля 2022 г.,True,2,573000000,3400000,,,False,"['арбитражных дел не больше 5', 'выручка положительная', 'прибыль положительная', 'нет сайта или почты']"
"ООО ""ТПК Верстакофф""",https://www.rusprofile.ru/id/10497323,,,30.05.2016,с 11 ноября 2016 г.,True,20,548000000,12000000,info@werstakoff.ru,,False,"['выручка положительная', 'прибыль положительная', 'нет сайта или почты']"
"ЗАО ""Ларвидж Интернэшнел""",https://www.rusprofile.ru/id/48652,,,02.08.1996,с 3 декабря 2012 г.,True,11,811000000,-27000000,shop2@larvij.ru,larvij.ru,False,['выручка положительная']
"ООО ""Сивиджи Аудио""",https://www.rusprofile.ru/id/1432547,,,19.11.2008,с 19 ноября 2008 г.,False,7,516000000,69000000,ekaterina.devyatkina@cvg.ru,cvg.ru,False,"['нет плашки истории руководителей', 'выручка положительная', 'прибыль положительная']"
"ООО ""МКТ""",https://www.rusprofile.ru/id/8283017,,,27.01.2014,с 8 июня 2016 г.,True,5,797000000,12000000,emailzakaz@vipradiator.ru,vipradiator.ru,False,"['арбитражных дел не больше 5', 'выручка положительная', 'прибыль положительная']"
"ООО ""Цяо ЮЭ""",https://www.rusprofile.ru/id/1227800088526,,,12.07.2022,с 12 июля 2022 г.,False,1,1800000000,286000000,,,True,"['нет плашки истории руководителей', 'арбитражных дел не больше 5', 'выручка положительная', 'прибыль положительная', 'нет сайта или почты']"
"ООО ""Глобал Трейд""",https://www.rusprofile.ru/id/11153210,,,06.09.2017,с 24 февраля 2022 г.,True,4,2600000000,768000000,lurkinq000p@gmail.com,proglobaltrade.ru,False,"['арбитражных дел не больше 5', 'выручка положительная', 'прибыль положительная']"
"ООО ""ВР Трейд""",https://www.rusprofile.ru/id/10831795,,,10.01.2017,с 22 октября 2025 г.,True,3,417000000,-2500000,,ergo-digital.ru,False,"['арбитражных дел не больше 5', 'выручка положительная', 'нет сайта или почты']"
"ООО ""Илион""",https://www.rusprofile.ru/id/1237700183368,,,07.03.2023,с 9 апреля 2026 г.,True,0,613000000,42000,ivaninalex@list.ru,www.illioncompany.ru,False,"['арбитражных дел не больше 5', 'выручка положительная', 'прибыль положительная']"
"ООО ""Галтснаб""",https://www.rusprofile.ru/id/1217700590865,,,06.12.2021,с 6 декабря 2021 г.,False,2,1100000000,900000000,info@galtsnab.ru,galtsnab.ru,False,"['нет плашки истории руководителей', 'арбитражных дел не больше 5', 'выручка положительная', 'прибыль положительная']"
"ООО ""КВМ""",https://www.rusprofile.ru/id/1207700329980,,,09.09.2020,с 22 апреля 2026 г.,True,2,5500000000,753000,,,False,"['арбитражных дел не больше 5', 'выручка положительная', 'прибыль положительная', 'нет сайта или почты']"
"ООО ""Артиккул""",https://www.rusprofile.ru/id/1207700454103,,,26.11.2020,с 26 ноября 2020 г.,False,10,1600000000,136000000,,,False,"['нет плашки истории руководителей', 'выручка положительная', 'прибыль положительная', 'нет сайта или почты']"
"ООО ""Семёрка Стиль""",https://www.rusprofile.ru/id/4203511,,,23.09.2005,с 20 марта 2020 г.,True,7,397000000,4400000,sales@7style.ru,7style.ru,False,"['выручка положительная', 'прибыль положительная']"
ООО КБ Электро,https://www.rusprofile.ru/id/1217700645491,,,29.12.2021,с 12 сентября 2024 г.,True,4,483000000,31000,,,False,"['арбитражных дел не больше 5', 'выручка положительная', 'прибыль положительная', 'нет сайта или почты']"
"ООО ""КНВ-Торг""",https://www.rusprofile.ru/id/6899311,,,16.05.2013,с 4 декабря 2025 г.,True,0,535000000,62000,info@motoplaneta.ru,motoplaneta.ru,False,"['арбитражных дел не больше 5', 'выручка положительная', 'прибыль положительная']"
"ООО ""Венго""",https://www.rusprofile.ru/id/10264917,,,17.12.2015,с 17 декабря 2015 г.,False,15,436000000,21000000,chanysheva@vengo-trade.ru,,False,"['нет плашки истории руководителей', 'выручка положительная', 'прибыль положительная', 'нет сайта или почты']"
"ООО ""Фурнимир""",https://www.rusprofile.ru/id/11255660,,,30.11.2017,с 7 июля 2022 г.,True,4,2300000000,31000000,,,False,"['арбитражных дел не больше 5', 'выручка положительная', 'прибыль положительная', 'нет сайта или почты']"
"ООО ""Гардтэк""",https://www.rusprofile.ru/id/11096301,,,20.07.2017,с 20 июля 2017 г.,False,0,323000000,43000000,gardinfo.s@gmail.com,,True,"['нет плашки истории руководителей', 'арбитражных дел не больше 5', 'выручка положительная', 'прибыль положительная', 'нет сайта или почты']"
"ООО ""Леко""",https://www.rusprofile.ru/id/11006153,,,10.05.2017,с 10 мая 2017 г.,False,5,1200000000,240000000,info@legion-komplekt.ru,legion-komplekt.ru,False,"['нет плашки истории руководителей', 'арбитражных дел не больше 5', 'выручка положительная', 'прибыль положительная']"
"ООО ""ТАВ""",https://www.rusprofile.ru/id/10731074,,,27.10.2016,с 27 октября 2016 г.,False,1,2500000000,6200000,,,True,"['нет плашки истории руководителей', 'арбитражных дел не больше 5', 'выручка положительная', 'прибыль положительная', 'нет сайта или почты']"
"ООО ""Лискитрубпром""",https://www.rusprofile.ru/id/11567889,,,24.09.2018,с 24 сентября 2018 г.,False,28,1800000000,43000000,info@liskipipe.ru,www.liskipipe.ru,False,"['нет плашки истории руководителей', 'выручка положительная', 'прибыль положительная']"
"ООО ""Возрождение""",https://www.rusprofile.ru/id/1237700324168,,,02.05.2023,с 7 марта 2025 г.,True,1,459000000,48000,io2854@mail.ru,www.vozrozhdenie-company.ru,False,"['арбитражных дел не больше 5', 'выручка положительная', 'прибыль положительная']"
"ООО ""Провлаб""",https://www.rusprofile.ru/id/11367704,,,12.03.2018,с 16 декабря 2022 г.,True,4,989000000,192000000,info@provlab.ru,provlab.ru,False,"['арбитражных дел не больше 5', 'выручка положительная', 'прибыль положительная']"
"ООО ""ТК Стальинтекс Трейд""",https://www.rusprofile.ru/id/222025,,,03.12.2009,с 3 декабря 2009 г.,False,63,11000000000,-29000000,aleks@stalinteks.com,stalintex.ru,False,"['нет плашки истории руководителей', 'выручка положительная']"
"ООО ""Лопози""",https://www.rusprofile.ru/id/11433612,,,07.05.2018,с 12 декабря 2025 г.,True,10,542000000,6000,,,False,"['выручка положительная', 'прибыль положительная', 'нет сайта или почты']"
"ООО ""Мад Мастер""",https://www.rusprofile.ru/id/9077374,,,03.12.2013,с 16 ноября 2022 г.,True,24,1600000000,219000000,info@mudmaster.ru,mudmaster.ru,False,"['выручка положительная', 'прибыль положительная']"
"ООО ""Диамонд""",https://www.rusprofile.ru/id/1227700124420,,,10.03.2022,с 5 марта 2024 г.,True,0,512000000,50000000,info@delis-stroy.ru,diamond-msk.ru,False,"['арбитражных дел не больше 5', 'выручка положительная', 'прибыль положительная']"
"ООО ""Вендор НМ""",https://www.rusprofile.ru/id/11682703,,,29.01.2019,с 1 октября 2025 г.,True,12,1500000000,5700000,vendor_nm@rambler.ru,vendornm.ru,False,"['выручка положительная', 'прибыль положительная']"
"ООО ""АСВ""",https://www.rusprofile.ru/id/4038371,,,09.08.2010,с 14 марта 2017 г.,True,7,399000000,26000000,info@zvezda-adv.ru,zvezda-adv.ru,False,"['выручка положительная', 'прибыль положительная']"
"ООО ""Техритейл""",https://www.rusprofile.ru/id/7875066,,,31.08.2015,с 1 июня 2021 г.,True,10,734000000,-2400000,auction@digys.ru,rstat.ru,False,['выручка положительная']
"АО ""НТПК""",https://www.rusprofile.ru/id/11546258,,,30.08.2018,с 10 сентября 2025 г.,True,41,3100000000,390000000,mail@ntpk.ru,ntpk.ru,False,"['выручка положительная', 'прибыль положительная']"
"ООО ""Метинвест""",https://www.rusprofile.ru/id/1227700127380,,,10.03.2022,с 5 марта 2024 г.,True,1,511000000,55000000,site@metinvest-opt.ru,metinvest-opt.ru,False,"['арбитражных дел не больше 5', 'выручка положительная', 'прибыль положительная']"
"ООО ""Энергосталь""",https://www.rusprofile.ru/id/1479335,,,13.10.2009,с 27 сентября 2022 г.,True,5,1000000000,99000000,info@energystal.ru,,False,"['арбитражных дел не больше 5', 'выручка положительная', 'прибыль положительная', 'нет сайта или почты']"
"ООО ""Насстроение""",https://www.rusprofile.ru/id/1207700275144,,,05.08.2020,с 5 декабря 2022 г.,True,3,320000000,1200000,,,False,"['арбитражных дел не больше 5', 'выручка положительная', 'прибыль положительная', 'нет сайта или почты']"
"АО ""Террамайн""",https://www.rusprofile.ru/id/1217700471670,,,06.10.2021,с 6 октября 2021 г.,False,5,723000000,25000000,info@terramine.ru,terramine.ru,False,"['нет плашки истории руководителей', 'арбитражных дел не больше 5', 'выручка положительная', 'прибыль положительная']"
"ООО ""Стандартавтоком""",https://www.rusprofile.ru/id/6695134,,,01.03.2013,с 18 апреля 2014 г.,False,8,568000000,11000000,tt095@mail.ru,,False,"['нет плашки истории руководителей', 'выручка положительная', 'прибыль положительная', 'нет сайта или почты']"
"ООО ""Пластик-Север""",https://www.rusprofile.ru/id/239851,,,26.09.2008,с 7 июня 2021 г.,True,4,304000000,9000000,letuchev_o@ctpl.ru,ctpl.ru,False,"['арбитражных дел не больше 5', 'выручка положительная', 'прибыль положительная']"
"ООО ""Транспромресурс""",https://www.rusprofile.ru/id/7748249,,,12.11.2014,с 12 ноября 2014 г.,False,14,1300000000,87000000,transpromresurs@gmail.com,zao-tpr.ru,False,"['нет плашки истории руководителей', 'выручка положительная', 'прибыль положительная']"
"ЗАО ""Даниско""",https://www.rusprofile.ru/id/391554,,,28.06.2002,с 20 мая 2010 г.,False,18,5600000000,13000000,danisco.moscow@danisco.com,danisco.com,False,"['нет плашки истории руководителей', 'выручка положительная', 'прибыль положительная']"
"ООО""Энергия""",https://www.rusprofile.ru/id/3458892,,,16.07.1998,с 11 ноября 2002 г.,False,11,424000000,12000000,info@sentosa.ru,220problem.net,False,"['нет плашки истории руководителей', 'выручка положительная', 'прибыль положительная']"
"ООО ""Априори""",https://www.rusprofile.ru/id/7550752,,,19.03.2015,с 26 декабря 2022 г.,True,11,424000000,4700000,hivintseva@aprioripack.ru,aprioripack.ru,False,"['выручка положительная', 'прибыль положительная']"
"ООО ""Лайнком""",https://www.rusprofile.ru/id/1545780,,,25.10.1999,с 7 октября 2014 г.,False,7,1200000000,263000000,info@linekom.ru,linekom.ru,False,"['нет плашки истории руководителей', 'выручка положительная', 'прибыль положительная']"
"ООО ""Евротранстовар""",https://www.rusprofile.ru/id/10986568,,,24.04.2017,с 27 января 2025 г.,True,12,1200000000,29000000,,eurotranstovar.ru,False,"['выручка положительная', 'прибыль положительная', 'нет сайта или почты']"
"ООО ""ТД Линкс""",https://www.rusprofile.ru/id/1217700046850,,,08.02.2021,с 14 мая 2024 г.,True,6,878000000,91000000,gk.lynx@bk.ru,,False,"['выручка положительная', 'прибыль положительная', 'нет сайта или почты']"
"ООО ""Раиг""",https://www.rusprofile.ru/id/8103717,,,22.07.2014,с 25 апреля 2025 г.,True,11,578000000,-19000000,raigspb@list.ru,,False,"['выручка положительная', 'нет сайта или почты']"
"ООО ""Вагонмашдеталь""",https://www.rusprofile.ru/id/10416222,,,30.03.2016,с 19 декабря 2019 г.,True,36,5100000000,231000000,secretary@vagonmash.ru,vagonmash.ru,False,"['выручка положительная', 'прибыль положительная']"
"ООО ""Фарм-Лаб Групп""",https://www.rusprofile.ru/id/11233529,,,13.11.2017,с 13 ноября 2017 г.,False,14,1400000000,25000000,info@pharm-lab.ru,pharm-lab.ru,False,"['нет плашки истории руководителей', 'выручка положительная', 'прибыль положительная']"
"ООО ""Термопоинт""",https://www.rusprofile.ru/id/1172194,,,12.08.2005,с 13 ноября 2009 г.,False,5,325000000,23000000,info@termopoint.ru,termopoint.ru,False,"['нет плашки истории руководителей', 'арбитражных дел не больше 5', 'выручка положительная', 'прибыль положительная']"
"ООО ""СЛС - Пласт""",https://www.rusprofile.ru/id/3461651,,,10.04.2003,с 22 января 2020 г.,True,6,639000000,264000,h-1977@mail.ru,sls-plast.ru,False,"['выручка положительная', 'прибыль положительная']"
"ООО ХК ""Рускерамика""",https://www.rusprofile.ru/id/607293,,,19.10.2007,с 20 апреля 2021 г.,True,15,503000000,364000,buh@rusceram.ru,rusceram.ru,False,"['выручка положительная', 'прибыль положительная']"
"ООО ""НД Трейдинг""",https://www.rusprofile.ru/id/3730285,,,23.07.2008,с 10 апреля 2018 г.,True,7,1600000000,9800000,sales@ndtrading.ru,ndtrading.ru,False,"['выручка положительная', 'прибыль положительная']"
"ООО ""Евролюкс""",https://www.rusprofile.ru/id/166124,,,23.05.2006,с 2 ноября 2023 г.,True,249,508000000,4700000,7816389426@eo.tensor.ru,tensor.ru,False,"['выручка положительная', 'прибыль положительная']"
"ООО ""Остерон""",https://www.rusprofile.ru/id/670832,,,01.02.2007,с 7 ноября 2024 г.,True,48,1000000000,115000000,info@osteron.ru,osteron.ru,False,"['выручка положительная', 'прибыль положительная']"
"ООО ""Центр""",https://www.rusprofile.ru/id/1687781,,,23.04.2007,с 2 апреля 2018 г.,True,7,323000000,29000000,lobanovan@niissu.ru,pr-group.ru,False,"['выручка положительная', 'прибыль положительная']"
"ООО ""Оникс""",https://www.rusprofile.ru/id/1114839,,,14.04.2006,с 19 декабря 2013 г.,False,74,1300000000,49000000,filippov@onyxspb.ru,onyxspb.ru,False,"['нет плашки истории руководителей', 'выручка положительная', 'прибыль положительная']"
"ООО ""Полар""",https://www.rusprofile.ru/id/6729346,,,06.11.2012,с 12 февраля 2018 г.,True,2,4099999999,112000000,info@polarllc.ru,www.polarllc.ru,False,"['арбитражных дел не больше 5', 'выручка положительная', 'прибыль положительная']"
"ООО ""Рус-КР""",https://www.rusprofile.ru/id/6120809,,,09.07.2012,с 9 июля 2012 г.,False,43,13000000000,149000000,katerinakazarina@yandex.ru,rus-kr.ru,False,"['нет плашки истории руководителей', 'выручка положительная', 'прибыль положительная']"
"АО ""Техпроматом""",https://www.rusprofile.ru/id/7354735,,,16.07.2014,с 27 января 2017 г.,True,5,2000000000,253000000,info@techpromatom.ru,techpromatom.ru,False,"['арбитражных дел не больше 5', 'выручка положительная', 'прибыль положительная']"
"ООО ""Лидер77""",https://www.rusprofile.ru/id/1217700102894,,,10.03.2021,с 10 марта 2021 г.,False,13,1400000000,-82000000,,,False,"['нет плашки истории руководителей', 'выручка положительная', 'нет сайта или почты']"
"ООО ""ПТС""",https://www.rusprofile.ru/id/10877296,,,09.02.2017,с 26 мая 2023 г.,True,7,340000000,6900000,info@promtranss.ru,promtranss.ru,False,"['выручка положительная', 'прибыль положительная']"
"ООО ""Алф Маркет""",https://www.rusprofile.ru/id/7305616,,,18.04.2014,с 2 июня 2026 г.,True,24,3300000000,346000000,karpova.alfm@gmail.com,,False,"['выручка положительная', 'прибыль положительная', 'нет сайта или почты']"
"ООО ""ТД Оптима""",https://www.rusprofile.ru/id/1237700123440,,,14.02.2023,с 12 сентября 2024 г.,True,1,7400000000,128000000,info@td-optima.group,,False,"['арбитражных дел не больше 5', 'выручка положительная', 'прибыль положительная', 'нет сайта или почты']"
"ООО ""Трастинвестстрой""",https://www.rusprofile.ru/id/7259655,,,17.06.2014,с 10 июня 2024 г.,True,17,1200000000,68000000,kirshina_na@trastinveststroy.ru,trastinveststroy.ru,False,"['выручка положительная', 'прибыль положительная']"
"ЗАО ""Спецпроммонтаж""",https://www.rusprofile.ru/id/382089,,,02.04.1997,с 18 февраля 2015 г.,False,7,626000000,-11000000,cph@montag.ru,,False,"['нет плашки истории руководителей', 'выручка положительная', 'нет сайта или почты']"
"ООО ""Русбелт""",https://www.rusprofile.ru/id/6905798,,,07.05.2013,с 7 мая 2013 г.,False,4,862000000,71000000,almaty@rusbelt.kz,rusbelt.ru,False,"['нет плашки истории руководителей', 'арбитражных дел не больше 5', 'выручка положительная', 'прибыль положительная']"
"ООО ""Вандйорд Групп""",https://www.rusprofile.ru/id/1227700917355,,,28.12.2022,с 28 декабря 2022 г.,False,2,1600000000,153000000,,,True,"['нет плашки истории руководителей', 'арбитражных дел не больше 5', 'выручка положительная', 'прибыль положительная', 'нет сайта или почты']"
"ООО ""Аванти""",https://www.rusprofile.ru/id/3706345,,,03.09.1997,с 14 января 2003 г.,False,9,316000000,18000000,,avantispb.com,False,"['нет плашки истории руководителей', 'выручка положительная', 'прибыль положительная', 'нет сайта или почты']"
"ООО ""Инвестметалл""",https://www.rusprofile.ru/id/1207800163614,,,09.12.2020,с 17 ноября 2023 г.,True,0,1800000000,1200000,invmetal@mail.ru,www.rosinvestmet.ru,False,"['арбитражных дел не больше 5', 'выручка положительная', 'прибыль положительная']"
"ООО ""ТД ""Медведь""",https://www.rusprofile.ru/id/1237700059211,,,26.01.2023,с 9 февраля 2026 г.,True,6,3100000000,39000000,info@aomedved.ru,www.medved.ru,False,"['выручка положительная', 'прибыль положительная']"
"ООО ""ГК Яш""",https://www.rusprofile.ru/id/11813953,,,17.06.2019,с 20 июня 2022 г.,True,3,315000000,2500000,,,False,"['арбитражных дел не больше 5', 'выручка положительная', 'прибыль положительная', 'нет сайта или почты']"
"ООО ""Автэк Групп""",https://www.rusprofile.ru/id/451705,,,25.12.2003,с 25 декабря 2003 г.,False,0,834000000,65000000,aa@avtec.su,,True,"['нет плашки истории руководителей', 'арбитражных дел не больше 5', 'выручка положительная', 'прибыль положительная', 'нет сайта или почты']"
"ООО ""Майтон-М""",https://www.rusprofile.ru/id/1328620,,,23.09.2009,,True,5,679000000,7600000,ooo.maiton-m@rambler.ru,majton-m.ru,False,"['арбитражных дел не больше 5', 'выручка положительная', 'прибыль положительная']"
"ООО ""Бумхимтек""",https://www.rusprofile.ru/id/1224700007047,,,29.04.2022,с 16 ноября 2022 г.,True,2,625000000,84000000,,,False,"['арбитражных дел не больше 5', 'выручка положительная', 'прибыль положительная', 'нет сайта или почты']"
"ООО ""Истпласт""",https://www.rusprofile.ru/id/11054346,,,19.06.2017,с 14 февраля 2023 г.,True,2,656000000,-19000000,,,False,"['арбитражных дел не больше 5', 'выручка положительная', 'нет сайта или почты']"
"ООО ""Фойлсервис""",https://www.rusprofile.ru/id/7385104,,,28.11.2014,с 9 августа 2016 г.,True,17,642000000,50000000,tim-city@yandex.ru,,False,"['выручка положительная', 'прибыль положительная', 'нет сайта или почты']"
"ООО ""Специальные Металлы""",https://www.rusprofile.ru/id/10539047,,,01.07.2016,с 1 июля 2016 г.,False,12,4600000000,352000000,diana@specialmetals.ru,specialmetals.ru,False,"['нет плашки истории руководителей', 'выручка положительная', 'прибыль положительная']"
"ООО ""Энергомашсервис""",https://www.rusprofile.ru/id/11880452,,,06.09.2019,с 17 мая 2023 г.,True,0,455000000,54000,dmelkov22@gmail.com,,False,"['арбитражных дел не больше 5', 'выручка положительная', 'прибыль положительная', 'нет сайта или почты']"
"ООО ""Эй Би Эй""",https://www.rusprofile.ru/id/10974103,,,14.04.2017,с 14 апреля 2017 г.,False,26,5400000000,42000000,office@aba-in.com,aba-in.com,False,"['нет плашки истории руководителей', 'выручка положительная', 'прибыль положительная']"
"ООО ""Газсенсор""",https://www.rusprofile.ru/id/10985442,,,21.04.2017,с 21 апреля 2017 г.,False,2,387000000,33000000,zakupki_ibch@mail.ru,gassensor.ru,False,"['нет плашки истории руководителей', 'арбитражных дел не больше 5', 'выручка положительная', 'прибыль положительная']"
"ООО ""Атлант""",https://www.rusprofile.ru/id/1227700375352,,,27.06.2022,с 24 января 2025 г.,True,2,887000000,-8600000,,,False,"['арбитражных дел не больше 5', 'выручка положительная', 'нет сайта или почты']"
"ООО ""Телкорд Сервис""",https://www.rusprofile.ru/id/10333992,,,02.02.2016,с 2 февраля 2016 г.,False,1,422000000,31000000,info@telcord.ru,telcord.ru,False,"['нет плашки истории руководителей', 'арбитражных дел не больше 5', 'выручка положительная', 'прибыль положительная']"
"ООО ""Квантум""",https://www.rusprofile.ru/id/11322098,,,01.02.2018,с 1 февраля 2018 г.,True,4,915000000,8900000,info@kvantum-el.ru,kvantum-el.ru,False,"['арбитражных дел не больше 5', 'выручка положительная', 'прибыль положительная']"
"ООО ""Промтехресурс""",https://www.rusprofile.ru/id/10234670,,,26.11.2015,с 20 сентября 2021 г.,True,36,309000000,287000,04078727@mail.ru,,False,"['выручка положительная', 'прибыль положительная', 'нет сайта или почты']"
"ООО ""ЦПС""",https://www.rusprofile.ru/id/1237800026958,,,07.03.2023,с 10 декабря 2025 г.,True,4,924000000,49000000,,,False,"['арбитражных дел не больше 5', 'выручка положительная', 'прибыль положительная', 'нет сайта или почты']"
"ООО ""Компаньон Запад""",https://www.rusprofile.ru/id/11899905,,,02.10.2019,с 2 октября 2019 г.,False,18,952000000,39000000,,,False,"['нет плашки истории руководителей', 'выручка положительная', 'прибыль положительная', 'нет сайта или почты']"
"ООО ""Вис-Трейд""",https://www.rusprofile.ru/id/3337653,,,22.07.2008,с 15 апреля 2025 г.,True,4,698000000,82000000,nastya@vis-trade.ru,vis-trade.ru,False,"['арбитражных дел не больше 5', 'выручка положительная', 'прибыль положительная']"
"ООО ""Ройал Рэббит""",https://www.rusprofile.ru/id/6698674,,,05.03.2013,с 18 августа 2023 г.,True,1,2700000000,96000000,,,False,"['арбитражных дел не больше 5', 'выручка положительная', 'прибыль положительная', 'нет сайта или почты']"
"ООО ""Промаркет""",https://www.rusprofile.ru/id/11598434,,,25.10.2018,с 25 октября 2018 г.,False,4,1600000000,13000000,info@llcpromarket.ru,llcpromarket.ru,False,"['нет плашки истории руководителей', 'арбитражных дел не больше 5', 'выручка положительная', 'прибыль положительная']"
"ООО ""Инспира""",https://www.rusprofile.ru/id/1207700391392,,,21.10.2020,с 21 октября 2020 г.,False,0,1300000000,132000000,,,True,"['нет плашки истории руководителей', 'арбитражных дел не больше 5', 'выручка положительная', 'прибыль положительная', 'нет сайта или почты']"
"ООО ""Безопасный Город""",https://www.rusprofile.ru/id/7374783,,,05.06.2014,с 5 июня 2014 г.,False,12,455000000,504000,mam@telecom-master.ru,,False,"['нет плашки истории руководителей', 'выручка положительная', 'прибыль положительная', 'нет сайта или почты']"
"ООО""ТСК ""БСС""",https://www.rusprofile.ru/id/10607459,,,26.08.2016,с 2 декабря 2019 г.,True,81,1800000000,26000000,buh@tskbss.ru,tskbss.ru,False,"['выручка положительная', 'прибыль положительная']"
"ООО ""Плонк""",https://www.rusprofile.ru/id/1207700186847,,,08.06.2020,с 8 июня 2020 г.,False,22,6000000000,251000000,,,False,"['нет плашки истории руководителей', 'выручка положительная', 'прибыль положительная', 'нет сайта или почты']"
"ООО ""НПП Экострада""",https://www.rusprofile.ru/id/7778487,,,24.07.2015,с 1 августа 2025 г.,True,8,902000000,61000000,a.s.belikov.eco@gmail.com,airscrubb.com,False,"['выручка положительная', 'прибыль положительная']"
"ООО ""Перспектива""",https://www.rusprofile.ru/id/1237700296460,,,19.04.2023,с 9 февраля 2026 г.,True,1,520000000,4099999,info@aomedved.ru,,False,"['арбитражных дел не больше 5', 'выручка положительная', 'прибыль положительная', 'нет сайта или почты']"
"ООО ""Тринити""",https://www.rusprofile.ru/id/11662315,,,25.12.2018,с 21 августа 2025 г.,True,2,8700000000,56000000,,,False,"['арбитражных дел не больше 5', 'выручка положительная', 'прибыль положительная', 'нет сайта или почты']"
"ООО ""Желтрансавтоматика""",https://www.rusprofile.ru/id/7594865,,,03.02.2015,с 13 сентября 2024 г.,True,18,1800000000,115000000,20102009_2010@mail.ru,invox.ru,False,"['выручка положительная', 'прибыль положительная']"
"ООО ""Вериал""",https://www.rusprofile.ru/id/1205000101635,,,09.11.2020,с 14 октября 2021 г.,True,2,331000000,13000000,verial.ooo@yandex.ru,very-all.com,False,"['арбитражных дел не больше 5', 'выручка положительная', 'прибыль положительная']"
"АО ""Файн Ингредиентс""",https://www.rusprofile.ru/id/4073721,,,30.12.2004,с 27 июня 2025 г.,True,13,5000000000,278000000,fi@fine-ingredients.ru,fineingredients.ru,False,"['выручка положительная', 'прибыль положительная']"
"ООО ""Импэксцентр""",https://www.rusprofile.ru/id/1225000051473,,,25.05.2022,с 25 мая 2022 г.,True,1,1600000000,16000000,kosareva.yv@gmail.com,,False,"['арбитражных дел не больше 5', 'выручка положительная', 'прибыль положительная', 'нет сайта или почты']"
"ООО ""СКС""",https://www.rusprofile.ru/id/7542869,,,28.02.2015,с 25 мая 2022 г.,True,10,801000000,14000000,info@kdds.ru,kdds.ru,False,"['выручка положительная', 'прибыль положительная']"
"ООО ""Вайрполимер""",https://www.rusprofile.ru/id/10679857,,,05.10.2016,с 5 октября 2016 г.,False,10,330000000,2900000,,,False,"['нет плашки истории руководителей', 'выручка положительная', 'прибыль положительная', 'нет сайта или почты']"
"ООО ТД ""Циклен""",https://www.rusprofile.ru/id/11101733,,,25.07.2017,с 10 декабря 2025 г.,True,11,4600000000,38000000,td-ciklen@rambler.ru,,False,"['выручка положительная', 'прибыль положительная', 'нет сайта или почты']"
"ООО ""ТМ Инвест""",https://www.rusprofile.ru/id/5379041,,,21.03.2011,с 16 марта 2026 г.,True,60,3800000000,-2000000,axis@mail.ru,teplonet.ru,False,['выручка положительная']
"ООО ""Снабинтер""",https://www.rusprofile.ru/id/11426591,,,27.04.2018,с 27 апреля 2018 г.,False,27,374568366000,,sale@zoom-ec.ru,www.zoom-ec.ru,False,"['нет плашки истории руководителей', 'выручка положительная']"
"ООО ""Интерпромтехника""",https://www.rusprofile.ru/id/2750396,,,30.08.2006,с 25 июня 2014 г.,False,12,317000000,43000000,info@interpromtechnika.ru,interpromtechnika.ru,False,"['нет плашки истории руководителей', 'выручка положительная', 'прибыль положительная']"
"ООО ""Трейд Групп""",https://www.rusprofile.ru/id/1221972,,,20.04.2009,с 29 сентября 2009 г.,False,21,360000000,-95000000,holod@tg-tk.ru,www.holod-tk.ru,False,"['нет плашки истории руководителей', 'выручка положительная']"
"АО ""Мирный Атом""",https://www.rusprofile.ru/id/4094167,,,09.06.2004,с 26 июля 2012 г.,False,24,2000000000,538000000,gdv@mir-atom.com,mir-atom.com,False,"['нет плашки истории руководителей', 'выручка положительная', 'прибыль положительная']"
"ООО ""Грувекс""",https://www.rusprofile.ru/id/11750871,,,02.04.2019,с 2 апреля 2019 г.,False,11,355000000,18000000,,,False,"['нет плашки истории руководителей', 'выручка положительная', 'прибыль положительная', 'нет сайта или почты']"
"ООО ""Маяк""",https://www.rusprofile.ru/id/10202706,,,03.11.2015,с 3 ноября 2015 г.,False,7,3300000000,36000000,info@mayaklogistics.ru,mayaklogistics.ru,False,"['нет плашки истории руководителей', 'выручка положительная', 'прибыль положительная']"
"ООО ""Пятый Сезон""",https://www.rusprofile.ru/id/9224697,,,22.10.2014,с 26 декабря 2017 г.,True,2,2600000000,139000000,info@psezon.ru,psezon.ru,False,"['арбитражных дел не больше 5', 'выручка положительная', 'прибыль положительная']"
"ООО ТД ""СПГ""",https://www.rusprofile.ru/id/10730874,,,26.10.2016,,True,13,4400000000,-14000000,info@td-spg.ru,td-spg.ru,False,['выручка положительная']
"ООО ""Вудпаллет""",https://www.rusprofile.ru/id/11458480,,,01.06.2018,с 1 июня 2018 г.,False,24,388000000,1000000,,,False,"['нет плашки истории руководителей', 'выручка положительная', 'прибыль положительная', 'нет сайта или почты']"
"ООО ""Миотал Комьюнити""",https://www.rusprofile.ru/id/11447178,,,23.05.2018,с 17 февраля 2026 г.,True,28,389000000,-83000000,glavbuh@unaik-group.ru,,False,"['выручка положительная', 'нет сайта или почты']"
"ООО ""Лабби""",https://www.rusprofile.ru/id/10530293,,,24.06.2016,с 9 июля 2020 г.,True,7,707000000,4200000,lubby@lubby.com,lubby.com,False,"['выручка положительная', 'прибыль положительная']"
"ООО ""Промкомтех""",https://www.rusprofile.ru/id/7050199,,,06.11.2013,с 4 декабря 2015 г.,True,9,548000000,31000000,info@promcomtech.ru,tensor.ru,False,"['выручка положительная', 'прибыль положительная']"
"ООО ""Рикон""",https://www.rusprofile.ru/id/10175568,,,08.10.2015,с 21 марта 2017 г.,True,7,852000000,31000000,1976aissa@mail.ru,,False,"['выручка положительная', 'прибыль положительная', 'нет сайта или почты']"
"ООО ""МТД Красный Треугольник""",https://www.rusprofile.ru/id/11173804,,,26.09.2017,с 30 марта 2026 г.,True,18,532000000,8500000,sale@rtisale.ru,rtisale.ru,False,"['выручка положительная', 'прибыль положительная']"
"ООО ""Стар Гейт""",https://www.rusprofile.ru/id/1207700400522,,,27.10.2020,с 16 апреля 2024 г.,True,4,2400000000,-6600000,info@stargt.ru,stargt.ru,False,"['арбитражных дел не больше 5', 'выручка положительная']"
"АО ""Экб Инновационные Технологии""",https://www.rusprofile.ru/id/7881309,,,21.09.2015,с 8 февраля 2019 г.,True,3,538000000,11000000,tender@ecb-intch.ru,ecb-intech.ru,False,"['арбитражных дел не больше 5', 'выручка положительная', 'прибыль положительная']"
"ООО ""Энергоэкономсервис""",https://www.rusprofile.ru/id/5714899,,,03.06.2011,с 5 сентября 2025 г.,True,3,429000000,60000,fa5419@yandex.ru,,False,"['арбитражных дел не больше 5', 'выручка положительная', 'прибыль положительная', 'нет сайта или почты']"
"ООО ""Моно Сервис""",https://www.rusprofile.ru/id/886062,,,10.06.2008,с 10 июня 2008 г.,False,0,328000000,95000000,tsemenova@monosystems.ru,,True,"['нет плашки истории руководителей', 'арбитражных дел не больше 5', 'выручка положительная', 'прибыль положительная', 'нет сайта или почты']"
"ООО ""Арт-Строй Ти""",https://www.rusprofile.ru/id/1207700241055,,,17.07.2020,с 11 июля 2024 г.,True,8,896000000,30000000,mindyuk_i@arttn.ru,,False,"['выручка положительная', 'прибыль положительная', 'нет сайта или почты']"
"ООО ""Арт-Строй Техно""",https://www.rusprofile.ru/id/1207700241044,,,17.07.2020,с 11 июля 2024 г.,True,5,463000000,43000000,,,False,"['арбитражных дел не больше 5', 'выручка положительная', 'прибыль положительная', 'нет сайта или почты']"
"ООО ""Алет""",https://www.rusprofile.ru/id/4950036,,,25.11.2010,с 25 ноября 2010 г.,False,2,5100000000,215000000,valeria-mail@mail.ru,alet-broker.ru,False,"['нет плашки истории руководителей', 'арбитражных дел не больше 5', 'выручка положительная', 'прибыль положительная']"
"АО ""Жерфлор""",https://www.rusprofile.ru/id/6024220,,,02.03.2012,с 24 октября 2013 г.,True,6,964000000,67000000,kalish@skifconsult.ru,www.gerflor.com,False,"['выручка положительная', 'прибыль положительная']"
"ООО ""Прибор НК""",https://www.rusprofile.ru/id/5618562,,,21.09.2011,с 23 августа 2022 г.,True,24,332000000,6600000,info@pribor-nk.ru,pribor-nk.ru,False,"['выручка положительная', 'прибыль положительная']"
"ООО ""Артхолод Пром""",https://www.rusprofile.ru/id/6889493,,,27.05.2013,с 7 декабря 2015 г.,True,3,469000000,-11000000,info@aholod.ru,www.aholod.ru,False,"['арбитражных дел не больше 5', 'выручка положительная']"
"ООО ""Тедекс""",https://www.rusprofile.ru/id/1227700230427,,,20.04.2022,с 17 февраля 2023 г.,True,3,457000000,1400000,zari8500@mail.ru,,False,"['арбитражных дел не больше 5', 'выручка положительная', 'прибыль положительная', 'нет сайта или почты']"
"ООО ""Элвент""",https://www.rusprofile.ru/id/10361030,,,19.02.2016,с 19 февраля 2016 г.,False,26,820000000,20000000,ivanov.a@el-vent.ru,shop-elvent.ru,False,"['нет плашки истории руководителей', 'выручка положительная', 'прибыль положительная']"
"ООО ""ПНК-Регион""",https://www.rusprofile.ru/id/10344320,,,09.02.2016,с 9 февраля 2016 г.,False,74,1100000000,19000000,roman.cheranev@list.ru,pnk-region.ru,False,"['нет плашки истории руководителей', 'выручка положительная', 'прибыль положительная']"
"ООО ""Истмолл""",https://www.rusprofile.ru/id/1207700030812,,,29.01.2020,с 4 марта 2024 г.,True,1,581000000,4600000,opd@sinrus.info,,False,"['арбитражных дел не больше 5', 'выручка положительная', 'прибыль положительная', 'нет сайта или почты']"
"ООО ""Фрост""",https://www.rusprofile.ru/id/1237700296305,,,19.04.2023,с 24 декабря 2024 г.,True,0,301000000,20000000,,,False,"['арбитражных дел не больше 5', 'выручка положительная', 'прибыль положительная', 'нет сайта или почты']"
"ООО ""СТС""",https://www.rusprofile.ru/id/11698445,,,11.02.2019,с 11 февраля 2019 г.,False,4,9500000000,599000000,,,True,"['нет плашки истории руководителей', 'арбитражных дел не больше 5', 'выручка положительная', 'прибыль положительная', 'нет сайта или почты']"
"ООО ""Элком-Электро СПБ""",https://www.rusprofile.ru/id/11114131,,,02.08.2017,с 2 августа 2017 г.,False,103,2000000000,254000,slabospickaya_os@el-com.ru,el-com.ru,False,"['нет плашки истории руководителей', 'выручка положительная', 'прибыль положительная']"
"ООО ""НКЦ ""Лабтест""",https://www.rusprofile.ru/id/5540287,,,07.07.2011,с 27 июня 2013 г.,False,3,410000000,397000,info@lab-test.ru,www.lab-test.ru,False,"['нет плашки истории руководителей', 'арбитражных дел не больше 5', 'выручка положительная', 'прибыль положительная']"
"ООО ""Радуга""",https://www.rusprofile.ru/id/1227800048310,,,18.04.2022,с 15 мая 2023 г.,True,3,3900000000,29000000,,,False,"['арбитражных дел не больше 5', 'выручка положительная', 'прибыль положительная', 'нет сайта или почты']"
"ООО ""Тиан-Трейд""",https://www.rusprofile.ru/id/10500576,,,02.06.2016,с 13 марта 2023 г.,True,56,1900000000,203000000,info@tian-shop.ru,tian-shop.ru,False,"['выручка положительная', 'прибыль положительная']"
"АО ""Спектр""",https://www.rusprofile.ru/id/1207700107603,,,10.03.2020,с 9 февраля 2026 г.,True,0,812000000,-13000000,secretary@cartblansh.ru,,False,"['арбитражных дел не больше 5', 'выручка положительная', 'нет сайта или почты']"
"ООО ""Металлфонд""",https://www.rusprofile.ru/id/1217700390137,,,20.08.2021,с 1 февраля 2022 г.,True,23,593000000,7800000,info@metallfond.com,metallfond.com,False,"['выручка положительная', 'прибыль положительная']"
"ООО ""Возрождение""",https://www.rusprofile.ru/id/11708413,,,19.02.2019,с 10 февраля 2021 г.,True,0,902000000,72000000,,,False,"['арбитражных дел не больше 5', 'выручка положительная', 'прибыль положительная', 'нет сайта или почты']"
"ООО ""Строительные Материалы +""",https://www.rusprofile.ru/id/705290,,,09.12.2002,с 18 апреля 2025 г.,True,0,1400000000,4600000,ooo_ateleplus@rambler.ru,sm-plus-ooo.ru,False,"['арбитражных дел не больше 5', 'выручка положительная', 'прибыль положительная']"
"ООО ""ГТС Групп""",https://www.rusprofile.ru/id/11153288,,,06.09.2017,с 12 февраля 2021 г.,True,45,3000000000,57000000,gts.torgi@gmail.com,gtsgrup.ru,False,"['выручка положительная', 'прибыль положительная']"
"ООО ""ТДМ""",https://www.rusprofile.ru/id/11132421,,,17.08.2017,с 10 июня 2025 г.,True,45,8300000000,58000000,brizitskii@tdme.ru,tdme.ru,False,"['выручка положительная', 'прибыль положительная']"
"ООО ""Сьюкит""",https://www.rusprofile.ru/id/10203058,,,03.11.2015,с 19 сентября 2024 г.,True,2,356000000,27000000,access.msk@sewkit.ru,emb1.ru,False,"['арбитражных дел не больше 5', 'выручка положительная', 'прибыль положительная']"
"ООО ""ПКФ ""Лентранс""",https://www.rusprofile.ru/id/11007465,,,10.05.2017,с 10 мая 2017 г.,False,11,1400000000,40000000,kaziev@anchorchain.ru,anchorchain.ru,False,"['нет плашки истории руководителей', 'выручка положительная', 'прибыль положительная']"
"ООО ""4Тест""",https://www.rusprofile.ru/id/10429547,,,08.04.2016,с 8 апреля 2016 г.,False,2,561000000,18000000,4test@4test.ru,ccc.ru,False,"['нет плашки истории руководителей', 'арбитражных дел не больше 5', 'выручка положительная', 'прибыль положительная']"
"ООО ""Сервиспроминвест""",https://www.rusprofile.ru/id/7313933,,,06.03.2014,с 28 февраля 2015 г.,False,45,673000000,47000000,v.medvedev@service-prom.com,,False,"['нет плашки истории руководителей', 'выручка положительная', 'прибыль положительная', 'нет сайта или почты']"
"АО Внешнеторговая Компания ""Аллве""",https://www.rusprofile.ru/id/2057159,,,28.07.1998,с 18 ноября 2002 г.,False,1,676000000,7500000,allwe@allwe.ru,allwe.com,False,"['нет плашки истории руководителей', 'арбитражных дел не больше 5', 'выручка положительная', 'прибыль положительная']"
"ООО ""Самет Мебельные Технологии""",https://www.rusprofile.ru/id/6667899,,,27.02.2013,с 27 февраля 2013 г.,False,5,1400000000,120000000,ipanova@samet-rus.ru,samet-rus.ru,False,"['нет плашки истории руководителей', 'арбитражных дел не больше 5', 'выручка положительная', 'прибыль положительная']"
"ООО ""Эйч Кью Трейдинг""",https://www.rusprofile.ru/id/10521075,,,17.06.2016,с 25 июня 2019 г.,True,20,941000000,5400000,notar.kontora@mail.ru,,False,"['выручка положительная', 'прибыль положительная', 'нет сайта или почты']"
"ООО ""Ди-ПИ-Ай Групп""",https://www.rusprofile.ru/id/6157433,,,13.08.2012,с 27 мая 2024 г.,True,8,2100000000,156000000,ac@agridient.ru,agridient.ru,False,"['выручка положительная', 'прибыль положительная']"
"ООО ""Эдванта""",https://www.rusprofile.ru/id/10527029,,,22.06.2016,с 3 октября 2017 г.,True,24,11000000000,186000000,info@advanta-cs.ru,advanta-cs.ru,False,"['выручка положительная', 'прибыль положительная']"
"ООО ""Торгинвест""",https://www.rusprofile.ru/id/1942353,,,06.05.2010,с 6 мая 2010 г.,False,10,303000000,2600000,7841425773_781601001@eo.tensor.ru,tensor.ru,False,"['нет плашки истории руководителей', 'выручка положительная', 'прибыль положительная']"
"ООО ""ЕТК""",https://www.rusprofile.ru/id/10606840,,,26.08.2016,с 26 августа 2016 г.,False,16,2200000000,74000000,grinenko-ecg@mail.ru,,False,"['нет плашки истории руководителей', 'выручка положительная', 'прибыль положительная', 'нет сайта или почты']"
"ООО ""ПКФ Алас""",https://www.rusprofile.ru/id/5601342,,,23.09.2011,с 16 октября 2025 г.,True,11,312000000,6300000,1128@alas.ru,alas.ru,False,"['выручка положительная', 'прибыль положительная']"
"ООО ""Меркурий""",https://www.rusprofile.ru/id/1237700149818,,,21.02.2023,с 25 декабря 2025 г.,True,0,13000000000,7600000,,,False,"['арбитражных дел не больше 5', 'выручка положительная', 'прибыль положительная', 'нет сайта или почты']"
"ООО ""Форинг Трейд""",https://www.rusprofile.ru/id/7734095,,,09.06.2015,с 4 декабря 2020 г.,True,27,707000000,6100000,,,False,"['выручка положительная', 'прибыль положительная', 'нет сайта или почты']"
"ООО ""Пактрейд""",https://www.rusprofile.ru/id/10519542,,,16.06.2016,с 18 марта 2025 г.,True,58,1200000000,54000000,info@interfilm-m.ru,interfilm-m.ru,False,"['выручка положительная', 'прибыль положительная']"
"ООО ""Дом Света""",https://www.rusprofile.ru/id/11846048,,,24.07.2019,с 24 июля 2019 г.,False,26,565000000,-41000000,molkov@nika.group,,False,"['нет плашки истории руководителей', 'выручка положительная', 'нет сайта или почты']"
"ООО ""МК""",https://www.rusprofile.ru/id/11048929,,,14.06.2017,с 2 февраля 2023 г.,True,11,498000000,24000000,info@mk98.ru,www.mrklimat.ru,False,"['выручка положительная', 'прибыль положительная']"
"ООО ""Статус""",https://www.rusprofile.ru/id/544550,,,07.03.2007,с 7 марта 2007 г.,False,2,1100000000,139000000,status.ooo@mail.ru,opt-aqualogo.ru,False,"['нет плашки истории руководителей', 'арбитражных дел не больше 5', 'выручка положительная', 'прибыль положительная']"
"ООО ""Нимал-Логистика""",https://www.rusprofile.ru/id/1321367,,,15.08.2007,с 23 июня 2021 г.,True,3,902000000,728000000,nimallog@yandex.ru,,False,"['арбитражных дел не больше 5', 'выручка положительная', 'прибыль положительная', 'нет сайта или почты']"
"ООО ""Гасзнак""",https://www.rusprofile.ru/id/10243851,,,02.12.2015,с 2 декабря 2015 г.,False,38,1000000000,67000000,moscow@gasznak.ru,gasznak.ru,False,"['нет плашки истории руководителей', 'выручка положительная', 'прибыль положительная']"
"ООО ""Синглит""",https://www.rusprofile.ru/id/11502035,,,12.07.2018,с 26 июня 2024 г.,True,0,364000000,8600000,novovamarina187@gmail.com,,False,"['арбитражных дел не больше 5', 'выручка положительная', 'прибыль положительная', 'нет сайта или почты']"
"ООО ""Экопластикс""",https://www.rusprofile.ru/id/2626290,,,09.12.2008,с 8 июня 2023 г.,True,52,2800000000,13000000,info@ecpl.ru,ecpl.ru,False,"['выручка положительная', 'прибыль положительная']"
"ООО ""Дэльвис""",https://www.rusprofile.ru/id/1207700392910,,,21.10.2020,с 13 августа 2024 г.,True,0,443000000,18000000,urkonssalt@mail.ru,,False,"['арбитражных дел не больше 5', 'выручка положительная', 'прибыль положительная', 'нет сайта или почты']"
"ООО ""Промкомплект""",https://www.rusprofile.ru/id/1227700863785,,,14.12.2022,с 14 декабря 2022 г.,False,1,618000000,6100000,mpromkomplekt@bk.ru,mpromkomplekt.ru,False,"['нет плашки истории руководителей', 'арбитражных дел не больше 5', 'выручка положительная', 'прибыль положительная']"
"ООО ""Шаки""",https://www.rusprofile.ru/id/11465605,,,08.06.2018,с 9 января 2023 г.,True,3,953000000,14000000,aganinaev@mail.ru,,False,"['арбитражных дел не больше 5', 'выручка положительная', 'прибыль положительная', 'нет сайта или почты']"
"ООО ""ПКФ Стальинтекс Трейд""",https://www.rusprofile.ru/id/11686740,,,01.02.2019,с 1 февраля 2019 г.,False,4,500000000,-7200000,,,False,"['нет плашки истории руководителей', 'арбитражных дел не больше 5', 'выручка положительная', 'нет сайта или почты']"
"ООО ""Маврика""",https://www.rusprofile.ru/id/1237700789523,,,16.11.2023,с 10 октября 2025 г.,True,0,401000000,5800000,m.misterium@mail.ru,,False,"['арбитражных дел не больше 5', 'выручка положительная', 'прибыль положительная', 'нет сайта или почты']"
"ООО ""Аква247""",https://www.rusprofile.ru/id/1227700488872,,,12.08.2022,с 2 октября 2023 г.,True,2,1300000000,4500000,,,False,"['арбитражных дел не больше 5', 'выручка положительная', 'прибыль положительная', 'нет сайта или почты']"
"ООО ""Форвард""",https://www.rusprofile.ru/id/10180243,,,09.10.2015,с 9 октября 2015 г.,False,8,970000000,802000,,,False,"['нет плашки истории руководителей', 'выручка положительная', 'прибыль положительная', 'нет сайта или почты']"
"ООО ""Неоторг""",https://www.rusprofile.ru/id/7865451,,,26.05.2015,с 21 февраля 2017 г.,True,2,450000000,-5100000,info@neotorg.net,neotorg.net,False,"['арбитражных дел не больше 5', 'выручка положительная']"
"ООО ""Кабельные Системы""",https://www.rusprofile.ru/id/6817160,,,04.04.2013,с 28 июня 2022 г.,True,8,380000000,1500000,info@kabel-s.ru,kabel-s.ru,False,"['выручка положительная', 'прибыль положительная']"
"ООО ""Гидросистема""",https://www.rusprofile.ru/id/302150,,,17.09.2007,с 24 апреля 2009 г.,False,25,561000000,83000000,info@gidrosystema.ru,gidrosystema.ru,False,"['нет плашки истории руководителей', 'выручка положительная', 'прибыль положительная']"
"ООО ""Чара""",https://www.rusprofile.ru/id/1237700484427,,,19.07.2023,с 21 марта 2025 г.,True,0,998000000,199000,davnovteme95@gmail.com,,False,"['арбитражных дел не больше 5', 'выручка положительная', 'прибыль положительная', 'нет сайта или почты']"
"ООО ""Стройрем""",https://www.rusprofile.ru/id/1227700024640,,,25.01.2022,с 24 октября 2023 г.,True,3,611000000,7100000,,,False,"['арбитражных дел не больше 5', 'выручка положительная', 'прибыль положительная', 'нет сайта или почты']"
"ООО ""Астрал Аквадизайн""",https://www.rusprofile.ru/id/11959034,,,13.12.2019,с 13 декабря 2019 г.,False,3,317000000,53000000,info@astral-aquadesign.ru,astral-aquadesign.ru,False,"['нет плашки истории руководителей', 'арбитражных дел не больше 5', 'выручка положительная', 'прибыль положительная']"
"ООО ""Сьюлайф""",https://www.rusprofile.ru/id/10261534,,,15.12.2015,с 3 ноября 2022 г.,True,7,957000000,3500000,pavlovaov@knit.ru,knit.ru,False,"['выручка положительная', 'прибыль положительная']"
"ООО ""Интрейд""",https://www.rusprofile.ru/id/1217700537560,,,10.11.2021,с 3 июля 2025 г.,True,0,1400000000,16000000,9995961844@mail.ru,,False,"['арбитражных дел не больше 5', 'выручка положительная', 'прибыль положительная', 'нет сайта или почты']"
"АО ""Вюрт-Русь""",https://www.rusprofile.ru/id/4472549,,,12.03.1993,с 4 июля 2006 г.,False,354,2400000000,115000000,sale@wurth.ru,wurth-rus.ru,False,"['нет плашки истории руководителей', 'выручка положительная', 'прибыль положительная']"
"ООО ""Трансоптторг""",https://www.rusprofile.ru/id/1227700509101,,,22.08.2022,с 17 апреля 2025 г.,True,0,1200000000,5300000,transopttorg2022@gmail.com,,False,"['арбитражных дел не больше 5', 'выручка положительная', 'прибыль положительная', 'нет сайта или почты']"
"ООО ""Актив Карго""",https://www.rusprofile.ru/id/5881747,,,25.10.2011,с 25 октября 2011 г.,False,12,1000000000,69000000,9628897@gmail.com,activcargo.ru,False,"['нет плашки истории руководителей', 'выручка положительная', 'прибыль положительная']"
"ООО ""Грейс Лубрикантс""",https://www.rusprofile.ru/id/6688899,,,29.01.2013,с 11 ноября 2022 г.,True,12,462000000,17000000,123123@mail.ru,grace-oil.com,False,"['выручка положительная', 'прибыль положительная']"
"ООО ""Алькор Центр""",https://www.rusprofile.ru/id/7188851,,,26.03.2014,с 26 марта 2014 г.,False,4,328000000,4900000,elena@alkor-centr.ru,alkor-centr.ru,False,"['нет плашки истории руководителей', 'арбитражных дел не больше 5', 'выручка положительная', 'прибыль положительная']"
"ООО ""Комлинк""",https://www.rusprofile.ru/id/10513583,,,15.06.2016,с 15 июня 2016 г.,False,0,300000000,4400000,,,True,"['нет плашки истории руководителей', 'арбитражных дел не больше 5', 'выручка положительная', 'прибыль положительная', 'нет сайта или почты']"
"ООО ""РТИ""",https://www.rusprofile.ru/id/9265914,,,13.10.2014,с 13 октября 2014 г.,False,18,504000000,-2000000,a.kolesnikova@rtransinvest.ru,rtransinvest.ru,False,"['нет плашки истории руководителей', 'выручка положительная']"
"ООО ""ТДР""",https://www.rusprofile.ru/id/1207700389192,,,20.10.2020,с 20 октября 2020 г.,False,1,346000000,793000,,,True,"['нет плашки истории руководителей', 'арбитражных дел не больше 5', 'выручка положительная', 'прибыль положительная', 'нет сайта или почты']"
"ООО ""ГСЭ""",https://www.rusprofile.ru/id/7459135,,,16.02.2015,с 16 февраля 2015 г.,False,35,671000000,-60000000,info@gse-msk.ru,gse-msk.ru,False,"['нет плашки истории руководителей', 'выручка положительная']"
"ООО ""Латона""",https://www.rusprofile.ru/id/1207700008295,,,16.01.2020,с 14 января 2026 г.,True,1,649000000,27000000,,,False,"['арбитражных дел не больше 5', 'выручка положительная', 'прибыль положительная', 'нет сайта или почты']"
"ООО ""Промстрелком""",https://www.rusprofile.ru/id/7629300,,,21.04.2015,с 31 октября 2017 г.,True,8,952000000,584000000,p.telegin@smp-38.ru,,False,"['выручка положительная', 'прибыль положительная', 'нет сайта или почты']"
"ООО ""Акваполис""",https://www.rusprofile.ru/id/1217700039370,,,03.02.2021,с 20 сентября 2023 г.,True,28,2800000000,24000000,im@aquapolis.ru,www.aquapolis.ru,False,"['выручка положительная', 'прибыль положительная']"
"ООО ""Поли-Фьюз""",https://www.rusprofile.ru/id/11647773,,,13.12.2018,с 1 апреля 2022 г.,True,7,532000000,2300000,poly-fuse@mail.ru,poly-fuse.ru,False,"['выручка положительная', 'прибыль положительная']"
"ООО ""ТК Треартекс""",https://www.rusprofile.ru/id/11263114,,,06.12.2017,с 6 декабря 2017 г.,False,3,449000000,44000000,,,True,"['нет плашки истории руководителей', 'арбитражных дел не больше 5', 'выручка положительная', 'прибыль положительная', 'нет сайта или почты']"
"ООО ""Союзтрейд""",https://www.rusprofile.ru/id/11768329,,,18.04.2019,с 14 июля 2020 г.,True,4,826000000,2200000,tjkmachinery@tjk-rus.ru,tjk-rus.ru,False,"['арбитражных дел не больше 5', 'выручка положительная', 'прибыль положительная']"
"ООО ""Зовсак""",https://www.rusprofile.ru/id/7376488,,,22.10.2014,с 22 октября 2014 г.,False,17,949000000,59000000,iinfo@zovsak.ru,www.zovsak.ru,False,"['нет плашки истории руководителей', 'выручка положительная', 'прибыль положительная']"
"ООО ""Пмджи Рус""",https://www.rusprofile.ru/id/1227700512280,,,22.08.2022,с 13 мая 2025 г.,True,7,1600000000,40000000,pmjrus@mail.ru,,False,"['выручка положительная', 'прибыль положительная', 'нет сайта или почты']"
"ООО ""ОТС""",https://www.rusprofile.ru/id/11262963,,,06.12.2017,с 11 июля 2024 г.,True,8,1400000000,83000000,kurepinaots@yandex.ru,,False,"['выручка положительная', 'прибыль положительная', 'нет сайта или почты']"
"ООО ""ДДП-Про""",https://www.rusprofile.ru/id/7899386,,,26.10.2015,с 1 февраля 2024 г.,True,1,541000000,4200000,ss@ddp-pro.ru,ddppro.ru,False,"['арбитражных дел не больше 5', 'выручка положительная', 'прибыль положительная']"
"АО ""Полиграф-Клуб""",https://www.rusprofile.ru/id/11559067,,,13.09.2018,с 17 октября 2022 г.,True,13,564000000,37000000,olga.b@cspm.ru,,False,"['выручка положительная', 'прибыль положительная', 'нет сайта или почты']"
"ООО ""Амбрелла""",https://www.rusprofile.ru/id/11521776,,,02.08.2018,с 2 августа 2018 г.,False,9,921000000,5300000,,,False,"['нет плашки истории руководителей', 'выручка положительная', 'прибыль положительная', 'нет сайта или почты']"
"ООО ""Нота""",https://www.rusprofile.ru/id/1227700029094,,,26.01.2022,с 15 февраля 2024 г.,True,2,596000000,54000000,site@nota-opt.ru,nota-opt.ru,False,"['арбитражных дел не больше 5', 'выручка положительная', 'прибыль положительная']"
"ООО ""ИК Автоключ""",https://www.rusprofile.ru/id/7518262,,,24.07.2014,с 23 января 2025 г.,True,0,2300000000,161000000,svetik@avtokluch.ru,avtokluch.ru,False,"['арбитражных дел не больше 5', 'выручка положительная', 'прибыль положительная']"
"ООО ""Расходные Материалы""",https://www.rusprofile.ru/id/1217700031449,,,29.01.2021,с 9 октября 2025 г.,True,29,488000000,7300000,rashodkam@yandex.ru,,False,"['выручка положительная', 'прибыль положительная', 'нет сайта или почты']"
"ООО ""Глобо""",https://www.rusprofile.ru/id/6155003,,,03.08.2012,с 7 октября 2022 г.,True,0,2200000000,-626000000,globo_company@mail.ru,,False,"['арбитражных дел не больше 5', 'выручка положительная', 'нет сайта или почты']"
"ООО ""Фреш Лайн""",https://www.rusprofile.ru/id/11938444,,,20.11.2019,с 15 июля 2024 г.,True,0,342000000,2200000,office@freshline.spb.ru,freshline.spb.ru,False,"['арбитражных дел не больше 5', 'выручка положительная', 'прибыль положительная']"
"ООО ""Альфа Гранит""",https://www.rusprofile.ru/id/1237700277792,,,13.04.2023,с 18 июля 2023 г.,True,0,349000000,165000,nev7kyfregat@mail.ru,,False,"['арбитражных дел не больше 5', 'выручка положительная', 'прибыль положительная', 'нет сайта или почты']"
"ООО ""МК-Логистик""",https://www.rusprofile.ru/id/1312244,,,21.01.2010,с 28 июня 2018 г.,True,10,313000000,27000000,alex.kapitonov@mail.ru,muehldorfer.ru,False,"['выручка положительная', 'прибыль положительная']"
"ООО ""Гамма""",https://www.rusprofile.ru/id/1207700008669,,,16.01.2020,с 21 августа 2020 г.,True,20,1400000000,117000000,,,False,"['выручка положительная', 'прибыль положительная', 'нет сайта или почты']"
"ООО ""Веон Плюс""",https://www.rusprofile.ru/id/11202651,,,19.10.2017,с 5 декабря 2025 г.,True,9,673000000,48000000,,,False,"['выручка положительная', 'прибыль положительная', 'нет сайта или почты']"
"ООО ""Бэлтстройторг""",https://www.rusprofile.ru/id/1217700245267,,,25.05.2021,с 23 октября 2025 г.,True,0,309000000,6200000,beltstr@rambler.ru,,False,"['арбитражных дел не больше 5', 'выручка положительная', 'прибыль положительная', 'нет сайта или почты']"
"ООО ""Компания Кроко""",https://www.rusprofile.ru/id/1582784,,,22.10.1997,с 26 мая 2006 г.,False,0,453000000,17000000,,crocoweb.ru,True,"['нет плашки истории руководителей', 'арбитражных дел не больше 5', 'выручка положительная', 'прибыль положительная', 'нет сайта или почты']"
"ООО ""Кантенвельт""",https://www.rusprofile.ru/id/1234919,,,09.03.2010,с 9 марта 2010 г.,False,0,319000000,12000000,info@kantenwelt.ru,kantenwelt.ru,False,"['нет плашки истории руководителей', 'арбитражных дел не больше 5', 'выручка положительная', 'прибыль положительная']"
"ООО ""Трисс Логистика""",https://www.rusprofile.ru/id/1237800033690,,,22.03.2023,с 22 марта 2023 г.,False,4,382000000,6400000,zapros@3cc-logistics.ru,,True,"['нет плашки истории руководителей', 'арбитражных дел не больше 5', 'выручка положительная', 'прибыль положительная', 'нет сайта или почты']"
"ООО ""ТСО""",https://www.rusprofile.ru/id/10807109,,,16.12.2016,с 6 октября 2022 г.,True,11,3300000000,184000000,mkishinevskaja@tcio.ru,tcio.ru,False,"['выручка положительная', 'прибыль положительная']"
"ООО ""Ист-Вест Лоджистик""",https://www.rusprofile.ru/id/7418532,,,14.11.2014,,True,3,1700000000,-291000000,,,False,"['арбитражных дел не больше 5', 'выручка положительная', 'нет сайта или почты']"
"ООО ""Орион""",https://www.rusprofile.ru/id/1237700940982,,,26.12.2023,с 26 декабря 2025 г.,True,5,4099999999,354000000,,,False,"['арбитражных дел не больше 5', 'выручка положительная', 'прибыль положительная', 'нет сайта или почты']"
"ООО ""Евроклима Рус""",https://www.rusprofile.ru/id/11180937,,,02.10.2017,с 2 октября 2017 г.,False,7,1600000000,4200000,,,False,"['нет плашки истории руководителей', 'выручка положительная', 'прибыль положительная', 'нет сайта или почты']"
"ООО ""Дуалити""",https://www.rusprofile.ru/id/1237700328909,,,04.05.2023,с 2 апреля 2026 г.,True,0,367000000,1200000,duality.ooo@outlook.com,,False,"['арбитражных дел не больше 5', 'выручка положительная', 'прибыль положительная', 'нет сайта или почты']"
"ООО ""Торговый Дом Лето""",https://www.rusprofile.ru/id/6620608,,,19.12.2012,с 19 декабря 2012 г.,False,268,2000000000,27000000,abramson@letotd.ru,leto-med.ru,False,"['нет плашки истории руководителей', 'выручка положительная', 'прибыль положительная']"
"ООО ""Системы Медицинского Мониторинга""",https://www.rusprofile.ru/id/1237700127950,,,15.02.2023,с 15 ноября 2023 г.,True,0,1700000000,192000000,help@hematonix.ru,hematonix.ru,False,"['арбитражных дел не больше 5', 'выручка положительная', 'прибыль положительная']"
"ООО ""Амарант""",https://www.rusprofile.ru/id/1237700464440,,,11.07.2023,с 31 октября 2025 г.,True,0,750000000,30000000,,,False,"['арбитражных дел не больше 5', 'выручка положительная', 'прибыль положительная', 'нет сайта или почты']"
"ООО ""Импорт Трейдинг""",https://www.rusprofile.ru/id/7302969,,,10.04.2014,с 10 апреля 2014 г.,False,24,1000000000,24000000,importradingroup@gmail.com,,False,"['нет плашки истории руководителей', 'выручка положительная', 'прибыль положительная', 'нет сайта или почты']"
"ООО ""Скайлабс Групп""",https://www.rusprofile.ru/id/1207700379920,,,13.10.2020,с 13 октября 2020 г.,False,0,490000000,31000000,opt@sundays-sport.ru,jump-power.ru,False,"['нет плашки истории руководителей', 'арбитражных дел не больше 5', 'выручка положительная', 'прибыль положительная']"
"ООО ""Унипрайс""",https://www.rusprofile.ru/id/1237700099075,,,07.02.2023,с 7 февраля 2023 г.,False,0,343000000,287000,unipr@inbox.ru,uniprais.ru,False,"['нет плашки истории руководителей', 'арбитражных дел не больше 5', 'выручка положительная', 'прибыль положительная']"
"ООО ""А.Д.М.""",https://www.rusprofile.ru/id/10463131,,,29.04.2016,с 12 августа 2019 г.,True,27,1300000000,1800000,s.lemeza@admaster.ru,admaster.ru,False,"['выручка положительная', 'прибыль положительная']"
"ООО ПК ""Спецоборудование""",https://www.rusprofile.ru/id/10828318,,,23.12.2016,с 18 мая 2022 г.,True,2,1000000000,-21000000,,,False,"['арбитражных дел не больше 5', 'выручка положительная', 'нет сайта или почты']"
"ООО ""ТД Ликви Моли Руссланд""",https://www.rusprofile.ru/id/11368550,,,12.03.2018,с 25 мая 2021 г.,True,15,2200000000,32000000,a.sobolev@liquimoly.ru,liquimolytd.ru,False,"['выручка положительная', 'прибыль положительная']"
"ООО ""Мебельные Решения""",https://www.rusprofile.ru/id/11340969,,,16.02.2018,с 2 сентября 2025 г.,True,0,1000000000,30000000,fsolut2018@gmail.com,,False,"['арбитражных дел не больше 5', 'выручка положительная', 'прибыль положительная', 'нет сайта или почты']"
"ООО ""СК Комплектация""",https://www.rusprofile.ru/id/1217700388938,,,19.08.2021,с 19 августа 2021 г.,False,3,1300000000,17000000,oilina@sevcom.ru,,True,"['нет плашки истории руководителей', 'арбитражных дел не больше 5', 'выручка положительная', 'прибыль положительная', 'нет сайта или почты']"
"ООО ""МТЛ-к""",https://www.rusprofile.ru/id/10986235,,,21.04.2017,с 21 апреля 2017 г.,False,14,450000000,21000000,,,False,"['нет плашки истории руководителей', 'выручка положительная', 'прибыль положительная', 'нет сайта или почты']"
"ООО ""МТГ""",https://www.rusprofile.ru/id/1207700156290,,,21.04.2020,с 10 августа 2023 г.,True,9,740000000,21000000,info@mtggarant.com,,False,"['выручка положительная', 'прибыль положительная', 'нет сайта или почты']"
"ООО ""Интернациональный Альянс""",https://www.rusprofile.ru/id/1207700216261,,,03.07.2020,с 3 августа 2023 г.,True,1,503000000,20000000,inter.alliance@inbox.ru,,False,"['арбитражных дел не больше 5', 'выручка положительная', 'прибыль положительная', 'нет сайта или почты']"
"ООО ""ЦМК ""Золотой Век""",https://www.rusprofile.ru/id/5422873,,,25.11.2010,с 20 мая 2022 г.,True,2,756000000,10000000,,,False,"['арбитражных дел не больше 5', 'выручка положительная', 'прибыль положительная', 'нет сайта или почты']"
"ООО ""Прайм""",https://www.rusprofile.ru/id/10485086,,,19.05.2016,с 24 января 2019 г.,True,2,586000000,161000000,,,False,"['арбитражных дел не больше 5', 'выручка положительная', 'прибыль положительная', 'нет сайта или почты']"
"ООО ""Алитус""",https://www.rusprofile.ru/id/1217800052470,,,02.04.2021,с 16 февраля 2026 г.,True,2,839000000,3200000,,,False,"['арбитражных дел не больше 5', 'выручка положительная', 'прибыль положительная', 'нет сайта или почты']"
"ООО ""Сейфити""",https://www.rusprofile.ru/id/1207800068354,,,05.06.2020,с 16 апреля 2026 г.,True,2,372000000,-6800000,r.gostev@saf-ty.ru,saf-ty.ru,False,"['арбитражных дел не больше 5', 'выручка положительная']"
"ООО ТД ""Бизон""",https://www.rusprofile.ru/id/10836848,,,28.12.2016,с 28 мая 2019 г.,True,24,1100000000,9900000,buh27@whaudit.ru,td-bizon.ru,False,"['выручка положительная', 'прибыль положительная']"
"ООО ""ТД Профиль Трейд""",https://www.rusprofile.ru/id/1205000000193,,,09.01.2020,с 9 января 2020 г.,False,2,862000000,5300000,d.rozhnov@profildoors.trade,,True,"['нет плашки истории руководителей', 'арбитражных дел не больше 5', 'выручка положительная', 'прибыль положительная', 'нет сайта или почты']"
"ООО ""ПВК""",https://www.rusprofile.ru/id/1207800003773,,,20.01.2020,с 20 января 2020 г.,False,0,366000000,3000000,sokhataya@yandex.ru,,True,"['нет плашки истории руководителей', 'арбитражных дел не больше 5', 'выручка положительная', 'прибыль положительная', 'нет сайта или почты']"
"ООО ""Эгида-Отель""",https://www.rusprofile.ru/id/7458222,,,10.02.2015,с 10 февраля 2015 г.,False,13,1300000000,47000000,actpro3@aegis.ru,,False,"['нет плашки истории руководителей', 'выручка положительная', 'прибыль положительная', 'нет сайта или почты']"
"ООО ""Атвет МП""",https://www.rusprofile.ru/id/11583330,,,10.10.2018,с 10 октября 2018 г.,False,9,602000000,1800000,info@a-steelmetall.ru,a-steelmetall.ru,False,"['нет плашки истории руководителей', 'выручка положительная', 'прибыль положительная']"
"ООО ""Вотерменеджмент""",https://www.rusprofile.ru/id/1207700062877,,,14.02.2020,с 6 мая 2026 г.,True,7,894000000,52000000,,,False,"['выручка положительная', 'прибыль положительная', 'нет сайта или почты']"
"ООО ""Хард Вуд""",https://www.rusprofile.ru/id/11909252,,,11.10.2019,с 3 марта 2025 г.,True,10,588000000,28000000,buh@td-pallet.ru,td-pallet.ru,False,"['выручка положительная', 'прибыль положительная']"
"ООО ""МТК Смарт""",https://www.rusprofile.ru/id/11651592,,,16.12.2018,с 15 июня 2021 г.,True,3,709000000,22000000,s.dostovalova@gc-sm.com,,False,"['арбитражных дел не больше 5', 'выручка положительная', 'прибыль положительная', 'нет сайта или почты']"
"ООО ""Врко""",https://www.rusprofile.ru/id/11547420,,,31.08.2018,с 31 августа 2018 г.,False,17,1500000000,8600000,,,False,"['нет плашки истории руководителей', 'выручка положительная', 'прибыль положительная', 'нет сайта или почты']"
"ООО ""Висмед""",https://www.rusprofile.ru/id/11357984,,,02.03.2018,с 2 марта 2018 г.,False,4,541000000,56000000,wismed@wismed.ru,wismed.ru,False,"['нет плашки истории руководителей', 'арбитражных дел не больше 5', 'выручка положительная', 'прибыль положительная']"
"ООО ""Мультитрейд""",https://www.rusprofile.ru/id/10613553,,,01.09.2016,с 1 сентября 2016 г.,False,10,2000000000,76000000,,,False,"['нет плашки истории руководителей', 'выручка положительная', 'прибыль положительная', 'нет сайта или почты']"
"ЗАО ""Унигра""",https://www.rusprofile.ru/id/2893529,,,18.10.2002,с 24 января 2008 г.,False,10,3000000000,54000000,raisa.ilyerova@unigra.com,unigra.ru,False,"['нет плашки истории руководителей', 'выручка положительная', 'прибыль положительная']"
"АО ""Смартпульс""",https://www.rusprofile.ru/id/1247700597451,,,05.09.2024,с 17 сентября 2024 г.,True,2,3100000000,129000,,,False,"['арбитражных дел не больше 5', 'выручка положительная', 'прибыль положительная', 'нет сайта или почты']"
"Общество с Ограниченной Ответственностью ""Трейд Плюс""",https://www.rusprofile.ru/id/7462147,,,16.02.2015,с 16 февраля 2015 г.,False,2,797000000,4700000,,,True,"['нет плашки истории руководителей', 'арбитражных дел не больше 5', 'выручка положительная', 'прибыль положительная', 'нет сайта или почты']"
"ООО ""Импульс""",https://www.rusprofile.ru/id/1237700318140,,,28.04.2023,с 3 марта 2025 г.,True,0,369000000,58000,dv_4922@mail.ru,impuls-co.ru,False,"['арбитражных дел не больше 5', 'выручка положительная', 'прибыль положительная']"
"ООО ""Профцветторг""",https://www.rusprofile.ru/id/10415482,,,31.03.2016,с 31 марта 2016 г.,False,11,1200000000,2700000,proftsvettorg@mail.ru,,False,"['нет плашки истории руководителей', 'выручка положительная', 'прибыль положительная', 'нет сайта или почты']"
"ООО ""Медтех ТД ПРО""",https://www.rusprofile.ru/id/1227700809170,,,29.11.2022,с 6 июня 2025 г.,True,0,1100000000,103000000,info@medtechtdpro.ru,,False,"['арбитражных дел не больше 5', 'выручка положительная', 'прибыль положительная', 'нет сайта или почты']"
"ООО ""Насглобал""",https://www.rusprofile.ru/id/1227700463319,,,02.08.2022,с 2 августа 2022 г.,False,7,2000000000,3500000,nasglobal.info@gmail.com,,False,"['нет плашки истории руководителей', 'выручка положительная', 'прибыль положительная', 'нет сайта или почты']"
"ООО ""Тимотэк""",https://www.rusprofile.ru/id/11201102,,,16.10.2017,с 1 декабря 2023 г.,True,5,408000000,275000,info@timotek.ru,timotek.ru,False,"['арбитражных дел не больше 5', 'выручка положительная', 'прибыль положительная']"
"ООО ""Наш Двор-СТ""",https://www.rusprofile.ru/id/10969678,,,10.04.2017,с 21 апреля 2023 г.,True,6,572000000,186000000,nash-dvor@stroyprofit.com,stroyprofit.com,False,"['выручка положительная', 'прибыль положительная']"
"ООО ""ЮСП""",https://www.rusprofile.ru/id/1217700469370,,,05.10.2021,с 5 октября 2021 г.,False,7,313000000,9900000,info@uspack.ru,uspack.ru,False,"['нет плашки истории руководителей', 'выручка положительная', 'прибыль положительная']"
"ООО ""Эмпак""",https://www.rusprofile.ru/id/5777997,,,19.12.2011,с 25 февраля 2013 г.,False,3,363000000,46000000,7719799184_771901001@eo.tensor.ru,empack.ru,False,"['нет плашки истории руководителей', 'арбитражных дел не больше 5', 'выручка положительная', 'прибыль положительная']"
"ООО ""Промэнергогрупп""",https://www.rusprofile.ru/id/6779092,,,24.10.2012,с 19 ноября 2021 г.,True,3,553000000,24000000,info@promegroup.ru,promegroup.ru,False,"['арбитражных дел не больше 5', 'выручка положительная', 'прибыль положительная']"
"ООО ""Петропроект""",https://www.rusprofile.ru/id/11137686,,,22.08.2017,с 22 августа 2017 г.,False,1,458000000,12000000,info@trudinvest.ru,trudinvest.ru,False,"['нет плашки истории руководителей', 'арбитражных дел не больше 5', 'выручка положительная', 'прибыль положительная']"
"ООО ""Омикрон""",https://www.rusprofile.ru/id/1217700483879,,,12.10.2021,с 12 октября 2021 г.,False,5,1500000000,176000000,,,True,"['нет плашки истории руководителей', 'арбитражных дел не больше 5', 'выручка положительная', 'прибыль положительная', 'нет сайта или почты']"
"ООО ""Аллея Групп""",https://www.rusprofile.ru/id/11445324,,,22.05.2018,с 13 июня 2019 г.,True,32,2900000000,273000000,info@ruseff-auto.ru,ruseff-auto.ru,False,"['выручка положительная', 'прибыль положительная']"
"ООО ""Компания К-Сервис""",https://www.rusprofile.ru/id/10215761,,,13.11.2015,с 8 июля 2024 г.,True,3,324000000,68000000,luzin@k-service.com.ru,k-service.com.ru,False,"['арбитражных дел не больше 5', 'выручка положительная', 'прибыль положительная']"
"ООО ""Оэскью Трейдинг""",https://www.rusprofile.ru/id/11691653,,,06.02.2019,с 10 января 2020 г.,True,29,3500000000,4500000,clients@gdcentre.ru,osqgroup.ru,False,"['выручка положительная', 'прибыль положительная']"
"ООО ""Строникум""",https://www.rusprofile.ru/id/11813997,,,17.06.2019,с 17 июня 2019 г.,False,5,380000000,4400000,,,True,"['нет плашки истории руководителей', 'арбитражных дел не больше 5', 'выручка положительная', 'прибыль положительная', 'нет сайта или почты']"
"ООО ""Север-М""",https://www.rusprofile.ru/id/11344839,,,20.02.2018,с 20 февраля 2018 г.,False,20,336000000,4200000,info@sever-m.ru,sever-m.ru,False,"['нет плашки истории руководителей', 'выручка положительная', 'прибыль положительная']"
"ООО ""Дисмак Рус""",https://www.rusprofile.ru/id/11463658,,,06.06.2018,с 6 июня 2018 г.,False,4,4300000000,288000000,info@dismac.ru,dismac.ru,False,"['нет плашки истории руководителей', 'арбитражных дел не больше 5', 'выручка положительная', 'прибыль положительная']"
"ООО ""Ай.Эр.Эм.Си.""",https://www.rusprofile.ru/id/3741150,,,26.05.2010,с 26 мая 2010 г.,False,86,5000000000,-23000000,afanasieva_o@irmc.ru,irmc.ru,False,"['нет плашки истории руководителей', 'выручка положительная']"
"ООО ""Смарт Коннекшен""",https://www.rusprofile.ru/id/11646351,,,11.12.2018,с 11 декабря 2018 г.,False,4,338000000,8600000,info@smconnection.ru,smconnection.ru,False,"['нет плашки истории руководителей', 'арбитражных дел не больше 5', 'выручка положительная', 'прибыль положительная']"
"ООО ""Таврит""",https://www.rusprofile.ru/id/11070726,,,03.07.2017,с 21 декабря 2020 г.,True,4,359000000,3500000,info@tavrit.ru,tavrit.ru,False,"['арбитражных дел не больше 5', 'выручка положительная', 'прибыль положительная']"
"Общество с Ограниченной Ответственностью ""Гренада""",https://www.rusprofile.ru/id/11727749,,,11.03.2019,с 8 ноября 2019 г.,True,1,428000000,13000000,ooo.grenada383@gmail.com,grenadaspb.ru,False,"['арбитражных дел не больше 5', 'выручка положительная', 'прибыль положительная']"
"ООО ""Дюна""",https://www.rusprofile.ru/id/1237700644378,,,28.09.2023,,False,0,959000000,219000,davnovteme95@gmail.com,,True,"['нет плашки истории руководителей', 'арбитражных дел не больше 5', 'выручка положительная', 'прибыль положительная', 'нет сайта или почты']"
"ООО ""Паскаль Солюшнс""",https://www.rusprofile.ru/id/1227700297164,,,24.05.2022,с 18 сентября 2024 г.,True,0,1200000000,55000000,evgeny_gershman@mail.ru,pa-solutions.ru,False,"['арбитражных дел не больше 5', 'выручка положительная', 'прибыль положительная']"
"ООО ""Сам Групп""",https://www.rusprofile.ru/id/1217700259226,,,02.06.2021,с 27 декабря 2022 г.,True,4,1200000000,36000000,samgrupp-ooo@yandex.ru,www.sam-grupp.ru,False,"['арбитражных дел не больше 5', 'выручка положительная', 'прибыль положительная']"
"ООО ТПК ""Промторг""",https://www.rusprofile.ru/id/6933549,,,27.08.2013,с 27 августа 2013 г.,False,21,848000000,759000,aleksey.w@mail.ru,ledps.ru,False,"['нет плашки истории руководителей', 'выручка положительная', 'прибыль положительная']"
"ООО ""Альянссити""",https://www.rusprofile.ru/id/1217700643115,,,28.12.2021,с 28 декабря 2021 г.,False,2,3600000000,192000,nastyaz9622@gmail.com,,True,"['нет плашки истории руководителей', 'арбитражных дел не больше 5', 'выручка положительная', 'прибыль положительная', 'нет сайта или почты']"
"ООО ""Тайпит-ПК""",https://www.rusprofile.ru/id/11141300,,,25.08.2017,,True,5,1400000000,45000000,svyatkin@taipit.ru,,False,"['арбитражных дел не больше 5', 'выручка положительная', 'прибыль положительная', 'нет сайта или почты']"
"ООО ""Гермес Металл""",https://www.rusprofile.ru/id/10458666,,,27.04.2016,с 27 апреля 2016 г.,False,12,1100000000,10000000,dostavka@germesmg.ru,germes-metall.ru,False,"['нет плашки истории руководителей', 'выручка положительная', 'прибыль положительная']"
"ООО ""Спика-Сервис""",https://www.rusprofile.ru/id/6948966,,,02.07.2013,с 24 апреля 2025 г.,True,0,486000000,73000000,pboul-kamilov@mail.ru,sekserv.ru,False,"['арбитражных дел не больше 5', 'выручка положительная', 'прибыль положительная']"
"ООО ""Форэнерго-Трейд""",https://www.rusprofile.ru/id/6157081,,,09.08.2012,,True,145,1800000000,165000000,afanasyeva@forenergo-trade.ru,forenergo-trade.ru,False,"['выручка положительная', 'прибыль положительная']"
"ООО ""Гарант""",https://www.rusprofile.ru/id/1207800013695,,,04.02.2020,с 4 февраля 2020 г.,False,7,4700000000,135000000,319@garantgroup.com,garantgroup.com,False,"['нет плашки истории руководителей', 'выручка положительная', 'прибыль положительная']"
"ООО ""Альбион""",https://www.rusprofile.ru/id/3158785,,,14.03.2005,с 14 марта 2005 г.,False,26,1300000000,50000000,elena.shubenkina@albion.moscow,,False,"['нет плашки истории руководителей', 'выручка положительная', 'прибыль положительная', 'нет сайта или почты']"
"ООО ""Ариэкс""",https://www.rusprofile.ru/id/1237700506790,,,28.07.2023,с 31 октября 2025 г.,True,0,701000000,31000000,,,False,"['арбитражных дел не больше 5', 'выручка положительная', 'прибыль положительная', 'нет сайта или почты']"
"ООО ""Имиджси Групп""",https://www.rusprofile.ru/id/11287516,,,26.12.2017,с 2 ноября 2020 г.,True,1,4400000000,172000000,r.yagovkin@yandex.ru,led-imagec.ru,False,"['арбитражных дел не больше 5', 'выручка положительная', 'прибыль положительная']"
"ООО ""Длсгрупп""",https://www.rusprofile.ru/id/1227700112287,,,02.03.2022,с 10 октября 2022 г.,True,6,420000000,14000000,info@dlsgroup.su,,False,"['выручка положительная', 'прибыль положительная', 'нет сайта или почты']"
"ООО ""Аксель""",https://www.rusprofile.ru/id/1237800089020,,,03.08.2023,с 3 августа 2023 г.,False,0,888000000,38000000,,,True,"['нет плашки истории руководителей', 'арбитражных дел не больше 5', 'выручка положительная', 'прибыль положительная', 'нет сайта или почты']"
"ООО ""НПО ""Прокат""",https://www.rusprofile.ru/id/1207700459570,,,30.11.2020,с 30 ноября 2020 г.,False,9,357000000,5100000,,,False,"['нет плашки истории руководителей', 'выручка положительная', 'прибыль положительная', 'нет сайта или почты']"
"ООО ""М1""",https://www.rusprofile.ru/id/1217700295933,,,23.06.2021,с 31 июля 2025 г.,True,1,1100000000,4800000,company-m1@yandex.ru,,False,"['арбитражных дел не больше 5', 'выручка положительная', 'прибыль положительная', 'нет сайта или почты']"
"ООО ""Агат""",https://www.rusprofile.ru/id/1237700520496,,,04.08.2023,с 27 ноября 2025 г.,True,0,769000000,41000000,,,False,"['арбитражных дел не больше 5', 'выручка положительная', 'прибыль положительная', 'нет сайта или почты']"
"ООО ""Почтовая Марка""",https://www.rusprofile.ru/id/1217700320562,,,07.07.2021,,True,71,11000000000,127000000,,,False,"['выручка положительная', 'прибыль положительная', 'нет сайта или почты']"
"ООО ""Фортуна""",https://www.rusprofile.ru/id/11877416,,,03.09.2019,с 3 сентября 2019 г.,False,20,1400000000,125000000,,otel-fortuna.ru,False,"['нет плашки истории руководителей', 'выручка положительная', 'прибыль положительная', 'нет сайта или почты']"
"ООО ""Кемилайн Групп""",https://www.rusprofile.ru/id/5566068,,,12.09.2011,с 12 сентября 2011 г.,False,25,322000000,11000000,7714850334_771401001@eo.tensor.ru,кемилайн.рф,False,"['нет плашки истории руководителей', 'выручка положительная', 'прибыль положительная']"
"ООО ""Фибо""",https://www.rusprofile.ru/id/10969389,,,11.04.2017,с 16 июня 2017 г.,True,10,1500000000,204000000,info@fibotelecom.ru,fibotelecom.ru,False,"['выручка положительная', 'прибыль положительная']"
"ООО ""Требушет""",https://www.rusprofile.ru/id/1227700922008,,,30.12.2022,с 17 мая 2024 г.,True,0,549000000,11000000,,,False,"['арбитражных дел не больше 5', 'выручка положительная', 'прибыль положительная', 'нет сайта или почты']"
"ООО ""Севергрупп""",https://www.rusprofile.ru/id/1247700388055,,,24.05.2024,с 24 мая 2024 г.,False,0,724000000,2500000,nadezdaturaeva2@gmail.com,,True,"['нет плашки истории руководителей', 'арбитражных дел не больше 5', 'выручка положительная', 'прибыль положительная', 'нет сайта или почты']"
"ООО ""Эпарх""",https://www.rusprofile.ru/id/629421,,,16.05.2008,с 16 мая 2008 г.,False,17,613000000,-945000,info@eparh.com,eparh.com,False,"['нет плашки истории руководителей', 'выручка положительная']"
"ООО ""Гарантия""",https://www.rusprofile.ru/id/1237700492600,,,21.07.2023,с 3 апреля 2026 г.,True,0,744000000,35000000,,,False,"['арбитражных дел не больше 5', 'выручка положительная', 'прибыль положительная', 'нет сайта или почты']"
"ООО ""РСТ""",https://www.rusprofile.ru/id/1227700332892,,,08.06.2022,с 8 июня 2022 г.,False,3,512000000,4200000,info@rstrud.ru,,True,"['нет плашки истории руководителей', 'арбитражных дел не больше 5', 'выручка положительная', 'прибыль положительная', 'нет сайта или почты']"
"ООО ""Оптима""",https://www.rusprofile.ru/id/7000369,,,02.08.2013,с 23 ноября 2021 г.,True,28,1200000000,110000000,market@optima-ltd.ru,optima-ltd.ru,False,"['выручка положительная', 'прибыль положительная']"
"ООО ""ПК Евродом""",https://www.rusprofile.ru/id/10984707,,,21.04.2017,с 10 апреля 2018 г.,True,0,411000000,5300000,kresla-aleks@mail.ru,,False,"['арбитражных дел не больше 5', 'выручка положительная', 'прибыль положительная', 'нет сайта или почты']"
"ООО ""ТПК Ресурсы""",https://www.rusprofile.ru/id/1227700747614,,,11.11.2022,с 22 октября 2025 г.,True,7,550000000,11000000,tpk_resourse@mail.ru,,False,"['выручка положительная', 'прибыль положительная', 'нет сайта или почты']"
"ООО ""Битулаб""",https://www.rusprofile.ru/id/1227800032316,,,16.03.2022,с 16 марта 2022 г.,False,6,450000000,2800000,,,False,"['нет плашки истории руководителей', 'выручка положительная', 'прибыль положительная', 'нет сайта или почты']"
"ООО ""ИСНК""",https://www.rusprofile.ru/id/42924,,,25.10.2007,с 31 октября 2017 г.,True,3,465000000,9200000,o3041120@mail.ru,,False,"['арбитражных дел не больше 5', 'выручка положительная', 'прибыль положительная', 'нет сайта или почты']"
"ООО ""Элесар-Групп""",https://www.rusprofile.ru/id/1207800103301,,,19.08.2020,с 13 марта 2024 г.,True,5,1500000000,98000000,info@elesar-group.ru,elesar-group.ru,False,"['арбитражных дел не больше 5', 'выручка положительная', 'прибыль положительная']"
"ООО ""Целевые Решения""",https://www.rusprofile.ru/id/10464340,,,04.05.2016,с 4 мая 2016 г.,False,12,476000000,17000000,blokcfo@yandex.ru,парапетные-ограждения.рф,False,"['нет плашки истории руководителей', 'выручка положительная', 'прибыль положительная']"
"ООО ""МДГ""",https://www.rusprofile.ru/id/7344791,,,04.12.2014,с 15 ноября 2021 г.,True,2,1200000000,60000000,sales@financelogistic.ru,financelogistic.ru,False,"['арбитражных дел не больше 5', 'выручка положительная', 'прибыль положительная']"
"АО ""Технотрейд""",https://www.rusprofile.ru/id/11759815,,,10.04.2019,с 13 сентября 2022 г.,True,8,329000000,13000000,suvorkindv@ltsr.ru,technotradespb.ru,False,"['выручка положительная', 'прибыль положительная']"
"ООО ""ДСВ""",https://www.rusprofile.ru/id/1247700280354,,,01.04.2024,с 1 апреля 2024 г.,False,0,1700000000,23000,,,True,"['нет плашки истории руководителей', 'арбитражных дел не больше 5', 'выручка положительная', 'прибыль положительная', 'нет сайта или почты']"
"ООО ""Компания Снаб-Регион""",https://www.rusprofile.ru/id/1227700492645,,,15.08.2022,с 15 августа 2022 г.,False,20,346000000,43000000,,,False,"['нет плашки истории руководителей', 'выручка положительная', 'прибыль положительная', 'нет сайта или почты']"
"ООО ""МБ-Доган Оптик""",https://www.rusprofile.ru/id/1227700453232,,,28.07.2022,с 29 июня 2023 г.,True,1,315000000,79000000,,,False,"['арбитражных дел не больше 5', 'выручка положительная', 'прибыль положительная', 'нет сайта или почты']"
"ООО ""Лайф-ИН-Фитнес""",https://www.rusprofile.ru/id/1207700269039,,,03.08.2020,с 15 июля 2022 г.,True,1,303000000,55000000,,,False,"['арбитражных дел не больше 5', 'выручка положительная', 'прибыль положительная', 'нет сайта или почты']"
"ООО ""Восток""",https://www.rusprofile.ru/id/1227700441462,,,25.07.2022,с 25 июля 2022 г.,False,2,1400000000,35000000,llc.vostok77reg@gmail.com,,True,"['нет плашки истории руководителей', 'арбитражных дел не больше 5', 'выручка положительная', 'прибыль положительная', 'нет сайта или почты']"
"ООО ""Медиа Эксперт""",https://www.rusprofile.ru/id/1237700187284,,,09.03.2023,с 9 марта 2023 г.,False,0,25000000000,2800000000,,,True,"['нет плашки истории руководителей', 'арбитражных дел не больше 5', 'выручка положительная', 'прибыль положительная', 'нет сайта или почты']"
"ООО ""Мона""",https://www.rusprofile.ru/id/9250753,,,02.09.2014,с 2 сентября 2014 г.,False,8,420000000,53000000,zakaz@lenta-skotch.ru,mona.ru,False,"['нет плашки истории руководителей', 'выручка положительная', 'прибыль положительная']"
"ООО ""НПО Продвижение""",https://www.rusprofile.ru/id/1217700531179,,,03.11.2021,с 3 ноября 2021 г.,False,0,1200000000,49000000,,npo-pro.ru,True,"['нет плашки истории руководителей', 'арбитражных дел не больше 5', 'выручка положительная', 'прибыль положительная', 'нет сайта или почты']"
"ООО ""ЖДР""",https://www.rusprofile.ru/id/1227700021625,,,24.01.2022,с 24 января 2022 г.,False,4,386000000,15000000,zakaz@mrail.ru,www.vsprelsy.ru,False,"['нет плашки истории руководителей', 'арбитражных дел не больше 5', 'выручка положительная', 'прибыль положительная']"
"ООО ""Энергосервис""",https://www.rusprofile.ru/id/7038030,,,19.11.2013,с 24 сентября 2025 г.,True,7,1600000000,6800000,energoservi@rambler.ru,ooo-energo-service.ru,False,"['выручка положительная', 'прибыль положительная']"
"ООО ""Лед-Компонентс""",https://www.rusprofile.ru/id/1207800104126,,,21.08.2020,с 8 июля 2021 г.,True,6,943000000,133000000,glavbuh@led-components.com,,False,"['выручка положительная', 'прибыль положительная', 'нет сайта или почты']"
"ООО ""Акватеп""",https://www.rusprofile.ru/id/11208979,,,24.10.2017,с 5 августа 2019 г.,True,20,727000000,490000,bezkokotova@aquatep.ru,aquatep.ru,False,"['выручка положительная', 'прибыль положительная']"
"ООО ""Декантер""",https://www.rusprofile.ru/id/1217800005202,,,21.01.2021,с 21 января 2021 г.,False,0,4900000000,36000000,dekanter.ltd@yandex.ru,,True,"['нет плашки истории руководителей', 'арбитражных дел не больше 5', 'выручка положительная', 'прибыль положительная', 'нет сайта или почты']"
"ООО ""Пивиран""",https://www.rusprofile.ru/id/10529170,,,24.06.2016,с 8 июня 2021 г.,True,8,982000000,30000000,belova@jumboroll.ru,jumboroll.ru,False,"['выручка положительная', 'прибыль положительная']"
"ООО ""Ска-Трейд""",https://www.rusprofile.ru/id/7663278,,,21.05.2015,с 25 июня 2025 г.,True,7,1300000000,7900000,info@ska-trade.ru,ska-trade.ru,False,"['выручка положительная', 'прибыль положительная']"
"ООО ""ТИК""",https://www.rusprofile.ru/id/7766577,,,24.03.2015,с 24 марта 2015 г.,False,3,663000000,246000000,info@teleincom.ru,teleincom.ru,False,"['нет плашки истории руководителей', 'арбитражных дел не больше 5', 'выручка положительная', 'прибыль положительная']"
"ООО ""ДС-Групп""",https://www.rusprofile.ru/id/11856816,,,07.08.2019,с 16 июня 2020 г.,True,7,356000000,6500000,,,False,"['выручка положительная', 'прибыль положительная', 'нет сайта или почты']"
"ООО ""Гэлакси""",https://www.rusprofile.ru/id/1237700515480,,,02.08.2023,с 12 января 2026 г.,True,0,746000000,37000000,,,False,"['арбитражных дел не больше 5', 'выручка положительная', 'прибыль положительная', 'нет сайта или почты']"
"ООО ""ТСЦ""",https://www.rusprofile.ru/id/7356329,,,11.07.2014,с 20 июня 2016 г.,True,10,417000000,71000000,fantozzi2018@bk.ru,,False,"['выручка положительная', 'прибыль положительная', 'нет сайта или почты']"
"ООО ""Строймонтаж""",https://www.rusprofile.ru/id/1237700480951,,,18.07.2023,с 18 июля 2023 г.,False,0,962000000,99000000,,,True,"['нет плашки истории руководителей', 'арбитражных дел не больше 5', 'выручка положительная', 'прибыль положительная', 'нет сайта или почты']"
"ООО ""Квартал""",https://www.rusprofile.ru/id/1237700644620,,,28.09.2023,,False,0,442000000,203000,davnovteme95@gmail.com,,True,"['нет плашки истории руководителей', 'арбитражных дел не больше 5', 'выручка положительная', 'прибыль положительная', 'нет сайта или почты']"
"ООО ""Гончие Псы""",https://www.rusprofile.ru/id/1237700560250,,,23.08.2023,с 24 мая 2024 г.,True,0,511000000,6500000,,,False,"['арбитражных дел не больше 5', 'выручка положительная', 'прибыль положительная', 'нет сайта или почты']"
"ООО""МИ Дистрибьюшен Групп""",https://www.rusprofile.ru/id/10980310,,,18.04.2017,с 5 июля 2024 г.,True,1,936000000,21000000,nn269@yandex.ru,mimaxo.ru,False,"['арбитражных дел не больше 5', 'выручка положительная', 'прибыль положительная']"
"ООО ""Кемикал Трейдинг""",https://www.rusprofile.ru/id/1207700305735,,,24.08.2020,с 24 августа 2020 г.,False,11,1500000000,17000000,hello@amwellgroup.ru,www.amwellgroup.ru,False,"['нет плашки истории руководителей', 'выручка положительная', 'прибыль положительная']"
"ООО ""Элефант""",https://www.rusprofile.ru/id/1237700294292,,,19.04.2023,с 6 сентября 2024 г.,True,0,715000000,8400000,,,False,"['арбитражных дел не больше 5', 'выручка положительная', 'прибыль положительная', 'нет сайта или почты']"
"ООО ""СВВ Импорт""",https://www.rusprofile.ru/id/1227700755622,,,15.11.2022,с 15 ноября 2022 г.,False,0,1600000000,-48000000,svvimport@gmail.com,svvimport.org,False,"['нет плашки истории руководителей', 'арбитражных дел не больше 5', 'выручка положительная']"
"ООО ""ТД Северный""",https://www.rusprofile.ru/id/1237700468675,,,12.07.2023,с 29 мая 2025 г.,True,0,317000000,525000,,,False,"['арбитражных дел не больше 5', 'выручка положительная', 'прибыль положительная', 'нет сайта или почты']"
"ООО ""Модульторг""",https://www.rusprofile.ru/id/1217700645788,,,29.12.2021,с 7 марта 2025 г.,True,0,329000000,18000,kv2176@mail.ru,modultorg-co.ru,False,"['арбитражных дел не больше 5', 'выручка положительная', 'прибыль положительная']"
"ООО ""Праймтрейд""",https://www.rusprofile.ru/id/1245000003456,,,17.01.2024,с 17 января 2024 г.,False,1,412000000,-6100000,,,False,"['нет плашки истории руководителей', 'арбитражных дел не больше 5', 'выручка положительная', 'нет сайта или почты']"
"ООО ""Марс""",https://www.rusprofile.ru/id/1217700373758,,,11.08.2021,с 11 августа 2021 г.,False,0,972000000,44000,svetikgeraskova@yandex.ru,,True,"['нет плашки истории руководителей', 'арбитражных дел не больше 5', 'выручка положительная', 'прибыль положительная', 'нет сайта или почты']"
"ООО ""Пактон""",https://www.rusprofile.ru/id/1224700001778,,,09.02.2022,с 9 февраля 2022 г.,False,1,428000000,223000,glavbuh@pacton.ru,,True,"['нет плашки истории руководителей', 'арбитражных дел не больше 5', 'выручка положительная', 'прибыль положительная', 'нет сайта или почты']"
"ООО ""Фэмилисити""",https://www.rusprofile.ru/id/1227700823932,,,02.12.2022,с 1 августа 2025 г.,True,4,2200000000,358000000,,,False,"['арбитражных дел не больше 5', 'выручка положительная', 'прибыль положительная', 'нет сайта или почты']"
"ООО ""ТД Тоскана""",https://www.rusprofile.ru/id/11521667,,,02.08.2018,с 2 августа 2018 г.,False,2,1500000000,118000000,diler@toscana-design.ru,toscana-design.ru,False,"['нет плашки истории руководителей', 'арбитражных дел не больше 5', 'выручка положительная', 'прибыль положительная']"
"ООО ""Пако""",https://www.rusprofile.ru/id/10486462,,,23.05.2016,с 23 мая 2016 г.,False,18,1200000000,19000000,,,False,"['нет плашки истории руководителей', 'выручка положительная', 'прибыль положительная', 'нет сайта или почты']"
"ООО ""Ротанг""",https://www.rusprofile.ru/id/1217700345917,,,23.07.2021,с 23 июля 2021 г.,False,2,306000000,694000,office@rotangcompany.ru,rotangcompany.ru,False,"['нет плашки истории руководителей', 'арбитражных дел не больше 5', 'выручка положительная', 'прибыль положительная']"
"ООО ""Гольфстрим""",https://www.rusprofile.ru/id/1237700190970,,,10.03.2023,с 17 июля 2024 г.,True,0,529000000,8000000,,,False,"['арбитражных дел не больше 5', 'выручка положительная', 'прибыль положительная', 'нет сайта или почты']"
"ООО ""Спортлайн""",https://www.rusprofile.ru/id/1227700775675,,,21.11.2022,с 15 декабря 2025 г.,True,0,759000000,36000000,sportlinekorp@inbox.ru,,False,"['арбитражных дел не больше 5', 'выручка положительная', 'прибыль положительная', 'нет сайта или почты']"
"ООО ""ДССЛ-Нева""",https://www.rusprofile.ru/id/7889130,,,26.08.2015,с 24 мая 2022 г.,True,24,511000000,84000000,buhspb@dssl.ru,dssl.ru,False,"['выручка положительная', 'прибыль положительная']"
"ООО ""Эксарис""",https://www.rusprofile.ru/id/10413755,,,28.03.2016,с 28 марта 2016 г.,True,8,452000000,13000000,eksaris@yandex.ru,exaris.ru,False,"['выручка положительная', 'прибыль положительная']"
"ООО ТД ""Бентохолдинг""",https://www.rusprofile.ru/id/1217700372152,,,10.08.2021,с 21 апреля 2026 г.,True,34,713000000,18000000,info@bentopro.so,bentoholding.ru,False,"['выручка положительная', 'прибыль положительная']"
"ООО ""Хеликс-М""",https://www.rusprofile.ru/id/11530866,,,14.08.2018,с 14 августа 2018 г.,False,0,397000000,35000000,info@helix-m.ru,helix-m.ru,False,"['нет плашки истории руководителей', 'арбитражных дел не больше 5', 'выручка положительная', 'прибыль положительная']"
"ООО ""Юнитрейд""",https://www.rusprofile.ru/id/1217700125345,,,22.03.2021,с 22 марта 2021 г.,False,0,416000000,4300000,,,True,"['нет плашки истории руководителей', 'арбитражных дел не больше 5', 'выручка положительная', 'прибыль положительная', 'нет сайта или почты']"
"ООО ""Рейлимпекс""",https://www.rusprofile.ru/id/1247700581523,,,29.08.2024,с 10 апреля 2026 г.,True,0,2000000000,92000000,info.railimpex@mail.ru,,False,"['арбитражных дел не больше 5', 'выручка положительная', 'прибыль положительная', 'нет сайта или почты']"
"ООО ""Каста""",https://www.rusprofile.ru/id/1237700506746,,,28.07.2023,с 27 февраля 2026 г.,True,0,735000000,36000000,,,False,"['арбитражных дел не больше 5', 'выручка положительная', 'прибыль положительная', 'нет сайта или почты']"
"ООО ""Этра Гифтс""",https://www.rusprofile.ru/id/1217700147961,,,31.03.2021,с 7 июля 2023 г.,True,12,695000000,-4200000,,,False,"['выручка положительная', 'нет сайта или почты']"
"ООО ТД ""Алтек""",https://www.rusprofile.ru/id/1217700424556,,,09.09.2021,с 4 декабря 2023 г.,True,1,4400000000,919000000,tdaltek77@yandex.ru,,False,"['арбитражных дел не больше 5', 'выручка положительная', 'прибыль положительная', 'нет сайта или почты']"
"ООО ""Интегро""",https://www.rusprofile.ru/id/1218993,,,29.05.2009,с 7 мая 2020 г.,True,22,348000000,-17000000,vladimir.zaitsev@technolight.ru,,False,"['выручка положительная', 'нет сайта или почты']"
"ООО ""ГНТ""",https://www.rusprofile.ru/id/1217700589050,,,03.12.2021,с 3 декабря 2021 г.,False,0,688000000,3100000,,,True,"['нет плашки истории руководителей', 'арбитражных дел не больше 5', 'выручка положительная', 'прибыль положительная', 'нет сайта или почты']"
"ООО ""Аредо""",https://www.rusprofile.ru/id/1237800099866,,,01.09.2023,с 21 мая 2024 г.,True,0,817000000,8300000,,,False,"['арбитражных дел не больше 5', 'выручка положительная', 'прибыль положительная', 'нет сайта или почты']"
"ООО ""Неватек""",https://www.rusprofile.ru/id/1207800081873,,,08.07.2020,с 7 февраля 2022 г.,True,2,1500000000,15000000,,,False,"['арбитражных дел не больше 5', 'выручка положительная', 'прибыль положительная', 'нет сайта или почты']"
"ООО ""Стил Икс""",https://www.rusprofile.ru/id/11696893,,,12.02.2019,с 12 февраля 2019 г.,False,7,2600000000,9900000,info@steelx.ru,steelx.ru,False,"['нет плашки истории руководителей', 'выручка положительная', 'прибыль положительная']"
"ООО ""Текмарт""",https://www.rusprofile.ru/id/10871889,,,06.02.2017,с 6 февраля 2017 г.,False,11,348000000,20000000,,,False,"['нет плашки истории руководителей', 'выручка положительная', 'прибыль положительная', 'нет сайта или почты']"
"ООО ""ТМТ-Сервис""",https://www.rusprofile.ru/id/1244200004861,,,08.04.2024,с 8 апреля 2024 г.,False,0,468000000,22000000,,,True,"['нет плашки истории руководителей', 'арбитражных дел не больше 5', 'выручка положительная', 'прибыль положительная', 'нет сайта или почты']"
"ООО ""Инфостера""",https://www.rusprofile.ru/id/10400786,,,21.03.2016,с 21 марта 2016 г.,False,0,1600000000,218000000,galagan@infostera.ru,infostera.ru,False,"['нет плашки истории руководителей', 'арбитражных дел не больше 5', 'выручка положительная', 'прибыль положительная']"
"ООО ""Дельфин""",https://www.rusprofile.ru/id/1237700634610,,,25.09.2023,с 25 сентября 2023 г.,False,0,507000000,5900000,,,True,"['нет плашки истории руководителей', 'арбитражных дел не больше 5', 'выручка положительная', 'прибыль положительная', 'нет сайта или почты']"
"ООО ""Солярис""",https://www.rusprofile.ru/id/3785155,,,16.05.2005,с 8 сентября 2020 г.,True,21,393000000,6200000,vp@solyar.ru,,False,"['выручка положительная', 'прибыль положительная', 'нет сайта или почты']"
"ООО ""Дантекс Климат""",https://www.rusprofile.ru/id/8589363,,,14.08.2014,с 29 мая 2023 г.,True,8,1400000000,127000000,pkk@dantexgroup.ru,,False,"['выручка положительная', 'прибыль положительная', 'нет сайта или почты']"
"ООО ""Бассейн.Ру""",https://www.rusprofile.ru/id/10909168,,,27.02.2017,с 27 февраля 2017 г.,False,1,413000000,7900000,info@basseyn.ru,basseyn.ru,False,"['нет плашки истории руководителей', 'арбитражных дел не больше 5', 'выручка положительная', 'прибыль положительная']"
"ООО ""Аквавита""",https://www.rusprofile.ru/id/1227700783090,,,22.11.2022,с 12 января 2026 г.,True,0,525000000,11000000,,,False,"['арбитражных дел не больше 5', 'выручка положительная', 'прибыль положительная', 'нет сайта или почты']"
"ООО ""Степ""",https://www.rusprofile.ru/id/1237700495812,,,24.07.2023,с 24 октября 2025 г.,True,0,566000000,22000000,,,False,"['арбитражных дел не больше 5', 'выручка положительная', 'прибыль положительная', 'нет сайта или почты']"
"ООО ""Оптоном""",https://www.rusprofile.ru/id/11964767,,,20.12.2019,с 26 июля 2023 г.,True,2,1100000000,1900000,info@optonom.ru,optonom.ru,False,"['арбитражных дел не больше 5', 'выручка положительная', 'прибыль положительная']"
"ООО ""Дженерал Гудс""",https://www.rusprofile.ru/id/7888730,,,21.08.2015,с 14 февраля 2025 г.,True,0,528000000,347000,,generalgoods.ru,False,"['арбитражных дел не больше 5', 'выручка положительная', 'прибыль положительная', 'нет сайта или почты']"
"АО ""Еврохимальянс""",https://www.rusprofile.ru/id/1217700642730,,,28.12.2021,с 23 июня 2025 г.,True,7,1500000000,-224000000,ao.ohk@yandex.ru,,False,"['выручка положительная', 'нет сайта или почты']"
"ООО ""Бина""",https://www.rusprofile.ru/id/1247700296238,,,05.04.2024,с 5 декабря 2025 г.,True,0,408000000,6000,bina-2025@mail.ru,,False,"['арбитражных дел не больше 5', 'выручка положительная', 'прибыль положительная', 'нет сайта или почты']"
"ООО ""Пулспа""",https://www.rusprofile.ru/id/1247700314025,,,15.04.2024,с 15 апреля 2024 г.,False,0,341000000,13000000,pulspa@mail.ru,,True,"['нет плашки истории руководителей', 'арбитражных дел не больше 5', 'выручка положительная', 'прибыль положительная', 'нет сайта или почты']"
"ООО ""Хай-Лайн Лубрикантс""",https://www.rusprofile.ru/id/7614295,,,27.04.2015,с 27 апреля 2015 г.,True,7,765000000,27000000,info@hllubricants.ru,hllubes.ru,False,"['выручка положительная', 'прибыль положительная']"
"ООО ""Крон""",https://www.rusprofile.ru/id/11076252,,,04.07.2017,с 4 июля 2017 г.,False,0,313000000,5900000,4546133@mail.ru,,True,"['нет плашки истории руководителей', 'арбитражных дел не больше 5', 'выручка положительная', 'прибыль положительная', 'нет сайта или почты']"
"ООО ""Импорт""",https://www.rusprofile.ru/id/1237700710158,,,20.10.2023,с 14 апреля 2026 г.,True,0,452000000,489000,,,False,"['арбитражных дел не больше 5', 'выручка положительная', 'прибыль положительная', 'нет сайта или почты']"
"ООО ""Корона""",https://www.rusprofile.ru/id/1237700300530,,,21.04.2023,с 11 октября 2024 г.,True,0,304000000,812000,korona.ooo@outlook.com,,False,"['арбитражных дел не больше 5', 'выручка положительная', 'прибыль положительная', 'нет сайта или почты']"
"ООО ""ТПК Вентэлектро""",https://www.rusprofile.ru/id/1227700452550,,,28.07.2022,с 17 июня 2025 г.,True,27,429000000,-69000000,info@ventelectro.ru,ventelectro.ru,False,['выручка положительная']
"ООО ""Твелв""",https://www.rusprofile.ru/id/7417405,,,26.06.2014,с 19 сентября 2019 г.,True,5,329000000,4099999,ikawina1@gmail.com,xindaorussia.ru,False,"['арбитражных дел не больше 5', 'выручка положительная', 'прибыль положительная']"
"ООО ""Прайм ТУ Филм""",https://www.rusprofile.ru/id/10603862,,,24.08.2016,с 24 августа 2016 г.,False,22,764000000,23000000,,,False,"['нет плашки истории руководителей', 'выручка положительная', 'прибыль положительная', 'нет сайта или почты']"
"ООО ""Микрон""",https://www.rusprofile.ru/id/11135542,,,21.08.2017,с 21 августа 2017 г.,False,23,530000000,112000000,info@microntools.ru,microntools.ru,False,"['нет плашки истории руководителей', 'выручка положительная', 'прибыль положительная']"
"ООО ""Парк Групп""",https://www.rusprofile.ru/id/1237700784650,,,15.11.2023,с 15 ноября 2023 г.,False,0,941000000,,davnovteme95@gmail.com,,False,"['нет плашки истории руководителей', 'арбитражных дел не больше 5', 'выручка положительная', 'нет сайта или почты']"
"ООО ""Канди Трейд""",https://www.rusprofile.ru/id/1217700476487,,,07.10.2021,с 14 марта 2025 г.,True,7,3900000000,43000000,,,False,"['выручка положительная', 'прибыль положительная', 'нет сайта или почты']"
"ООО ""Калибр""",https://www.rusprofile.ru/id/11437626,,,14.05.2018,с 17 января 2023 г.,True,2,437000000,3200000,v.hilchevskaya@medicosm.ru,medicosm.ru,False,"['арбитражных дел не больше 5', 'выручка положительная', 'прибыль положительная']"
"ООО ""Торговая Компания Пропак""",https://www.rusprofile.ru/id/11322358,,,02.02.2018,с 2 февраля 2018 г.,False,2,571000000,8100000,tkpropaq@gmail.com,propaq.ru,False,"['нет плашки истории руководителей', 'арбитражных дел не больше 5', 'выручка положительная', 'прибыль положительная']"
"ООО ""Байнд Рус""",https://www.rusprofile.ru/id/11763612,,,15.04.2019,с 10 сентября 2021 г.,True,14,363000000,37000000,,,False,"['выручка положительная', 'прибыль положительная', 'нет сайта или почты']"
"ООО ""Футер""",https://www.rusprofile.ru/id/1227700786125,,,23.11.2022,с 17 июля 2024 г.,True,0,311000000,9700000,wu.gorbushin@yandex.ru,,False,"['арбитражных дел не больше 5', 'выручка положительная', 'прибыль положительная', 'нет сайта или почты']"
"ООО ""Кристапро""",https://www.rusprofile.ru/id/1247700265988,,,26.03.2024,с 26 марта 2024 г.,False,0,1800000000,114000000,info@kristapro.ru,,True,"['нет плашки истории руководителей', 'арбитражных дел не больше 5', 'выручка положительная', 'прибыль положительная', 'нет сайта или почты']"
"ООО ""Логиком""",https://www.rusprofile.ru/id/7172924,,,13.02.2014,с 7 февраля 2022 г.,True,0,711000000,165000000,info@logicom.msk.ru,logicom.msk.ru,False,"['арбитражных дел не больше 5', 'выручка положительная', 'прибыль положительная']"
"ООО ""Компанера""",https://www.rusprofile.ru/id/1237800133570,,,22.11.2023,с 22 ноября 2023 г.,False,0,472000000,15000000,info@companera.net,,True,"['нет плашки истории руководителей', 'арбитражных дел не больше 5', 'выручка положительная', 'прибыль положительная', 'нет сайта или почты']"
"ООО ""Капитель Вент""",https://www.rusprofile.ru/id/10811821,,,13.12.2016,с 13 декабря 2016 г.,False,62,350000000,16000000,partner@kapitelvent.ru,kapitelvent.ru,False,"['нет плашки истории руководителей', 'выручка положительная', 'прибыль положительная']"
"ООО ""Руссо Упак""",https://www.rusprofile.ru/id/6097558,,,28.06.2012,с 28 июня 2012 г.,False,13,1100000000,59000000,sales@packyou.ru,packyou.ru,False,"['нет плашки истории руководителей', 'выручка положительная', 'прибыль положительная']"
"ЗАО ""Болид""",https://www.rusprofile.ru/id/3780210,,,21.12.2007,с 21 декабря 2007 г.,False,6,17000000000,2500000000,account@bolid.ru,bolid.ru,False,"['нет плашки истории руководителей', 'выручка положительная', 'прибыль положительная']"
"ООО ""И-Кабель""",https://www.rusprofile.ru/id/11667698,,,10.01.2019,с 10 января 2019 г.,False,11,322000000,9800000,li@infocabel.ru,,False,"['нет плашки истории руководителей', 'выручка положительная', 'прибыль положительная', 'нет сайта или почты']"
"ООО ""ТПК ""Техпривод""",https://www.rusprofile.ru/id/1217700094590,,,03.03.2021,с 29 апреля 2021 г.,True,3,973000000,90000000,minsk@tehprivod.su,,False,"['арбитражных дел не больше 5', 'выручка положительная', 'прибыль положительная', 'нет сайта или почты']"
"ООО ""Энком Плюс""",https://www.rusprofile.ru/id/1227700172985,,,28.03.2022,с 17 марта 2023 г.,True,2,1100000000,140000000,,,False,"['арбитражных дел не больше 5', 'выручка положительная', 'прибыль положительная', 'нет сайта или почты']"
"ООО ""Роллинг Роллс""",https://www.rusprofile.ru/id/1197746751180,,,26.12.2019,с 26 декабря 2019 г.,False,0,1300000000,303000000,info@rolling-rolls.ru,spectroll.ru,False,"['нет плашки истории руководителей', 'арбитражных дел не больше 5', 'выручка положительная', 'прибыль положительная']"
"ООО ""ТД Зуропласт""",https://www.rusprofile.ru/id/7608582,,,28.04.2015,с 10 декабря 2025 г.,True,3,868000000,-26000000,moscow@zuroplast.ru,zuroplast.ru,False,"['арбитражных дел не больше 5', 'выручка положительная']"
"ООО ""Дорко Рус""",https://www.rusprofile.ru/id/11848133,,,26.07.2019,с 26 мая 2023 г.,True,1,852000000,77000000,,,False,"['арбитражных дел не больше 5', 'выручка положительная', 'прибыль положительная', 'нет сайта или почты']"
"ООО ""ЦМ""",https://www.rusprofile.ru/id/11106683,,,27.07.2017,с 6 сентября 2019 г.,True,71,3100000000,55000000,zakaz_spb@centermetiz.ru,centermetiz.ru,False,"['выручка положительная', 'прибыль положительная']"
"ООО ""Хайреф Рус""",https://www.rusprofile.ru/id/11521711,,,02.08.2018,с 2 августа 2018 г.,False,1,616000000,31000000,info@hiref.ru,hiref.ru,False,"['нет плашки истории руководителей', 'арбитражных дел не больше 5', 'выручка положительная', 'прибыль положительная']"
"ООО ""Факел-БК""",https://www.rusprofile.ru/id/11085638,,,13.07.2017,с 13 июля 2017 г.,False,131,2900000000,47000000,lvolodeeva@fkfd.ru,fkfd.ru,False,"['нет плашки истории руководителей', 'выручка положительная', 'прибыль положительная']"
"ООО ""Рустара Плюс""",https://www.rusprofile.ru/id/1227700206007,,,08.04.2022,с 8 апреля 2022 г.,False,8,580000000,24000000,help@rustara-plus.ru,www.rustara-plus.ru,False,"['нет плашки истории руководителей', 'выручка положительная', 'прибыль положительная']"
"ООО ""Перспектива""",https://www.rusprofile.ru/id/10266941,,,18.12.2015,с 16 мая 2024 г.,True,2,773000000,2400000,info@perspektiva-pvh.ru,perspektiva-pvh.ru,False,"['арбитражных дел не больше 5', 'выручка положительная', 'прибыль положительная']"
"ООО ""Комплект Продакт Мегатранс""",https://www.rusprofile.ru/id/1237700263448,,,07.04.2023,с 18 июля 2023 г.,True,0,712000000,175000,euro7tandart@inbox.ru,,False,"['арбитражных дел не больше 5', 'выручка положительная', 'прибыль положительная', 'нет сайта или почты']"
"ООО ""Логстудио""",https://www.rusprofile.ru/id/1237700320549,,,28.04.2023,с 28 апреля 2023 г.,False,2,449000000,19000000,info@logstudio.ru,,True,"['нет плашки истории руководителей', 'арбитражных дел не больше 5', 'выручка положительная', 'прибыль положительная', 'нет сайта или почты']"
"ООО ТД ""Транснерудпром""",https://www.rusprofile.ru/id/7859123,,,27.02.2015,с 21 ноября 2024 г.,True,39,375000000,16000000,tr.buh@yandex.ru,tdtnp.ru,False,"['выручка положительная', 'прибыль положительная']"
"ООО ""Тензотехсервис""",https://www.rusprofile.ru/id/1207700438880,,,18.11.2020,с 18 ноября 2020 г.,False,5,660000000,2300000,,,True,"['нет плашки истории руководителей', 'арбитражных дел не больше 5', 'выручка положительная', 'прибыль положительная', 'нет сайта или почты']"
"ООО ""С Профиль""",https://www.rusprofile.ru/id/11826959,,,02.07.2019,с 2 июля 2019 г.,False,1,663000000,149000000,,,True,"['нет плашки истории руководителей', 'арбитражных дел не больше 5', 'выручка положительная', 'прибыль положительная', 'нет сайта или почты']"
"ООО ""Инрост Северо-Запад""",https://www.rusprofile.ru/id/1227800148377,,,16.11.2022,с 16 ноября 2022 г.,False,4,757000000,10000000,,,True,"['нет плашки истории руководителей', 'арбитражных дел не больше 5', 'выручка положительная', 'прибыль положительная', 'нет сайта или почты']"
"ООО ""Ксайлрус""",https://www.rusprofile.ru/id/1227700679249,,,19.10.2022,с 3 ноября 2022 г.,True,4,771000000,109000000,office@xylrus.com,,False,"['арбитражных дел не больше 5', 'выручка положительная', 'прибыль положительная', 'нет сайта или почты']"
"ООО ""ТК Альянс""",https://www.rusprofile.ru/id/10971266,,,12.04.2017,с 16 декабря 2021 г.,True,9,365000000,-14000000,ershova.i@atmk.ru,,False,"['выручка положительная', 'нет сайта или почты']"
"ООО ""Трейд""",https://www.rusprofile.ru/id/1237700496330,,,24.07.2023,с 27 октября 2025 г.,True,0,751000000,33000000,,,False,"['арбитражных дел не больше 5', 'выручка положительная', 'прибыль положительная', 'нет сайта или почты']"
"ООО ""Берком""",https://www.rusprofile.ru/id/7417236,,,03.03.2014,с 5 марта 2015 г.,False,8,493000000,96000000,info@dbor-tools.ru,dbor-tools.ru,False,"['нет плашки истории руководителей', 'выручка положительная', 'прибыль положительная']"
"ООО ""Центриплюс Сепарейшн Технолоджис""",https://www.rusprofile.ru/id/1247700187778,,,26.02.2024,с 26 февраля 2024 г.,False,0,395000000,27000000,,,True,"['нет плашки истории руководителей', 'арбитражных дел не больше 5', 'выручка положительная', 'прибыль положительная', 'нет сайта или почты']"
"ООО ""Криптон""",https://www.rusprofile.ru/id/1207700356434,,,28.09.2020,с 26 августа 2024 г.,True,1,599000000,48000,info@mykripton.ru,mykripton.ru,False,"['арбитражных дел не больше 5', 'выручка положительная', 'прибыль положительная']"
"ООО ""Делоникс-Групп""",https://www.rusprofile.ru/id/11967169,,,24.12.2019,с 24 декабря 2019 г.,False,17,9500000000,353000000,delonyx.group@gmail.ru,,False,"['нет плашки истории руководителей', 'выручка положительная', 'прибыль положительная', 'нет сайта или почты']"
"ООО ""Мосстрой""",https://www.rusprofile.ru/id/1237700724062,,,25.10.2023,с 25 октября 2023 г.,False,0,330000000,7200000,ooo.spb2023@yandex.ru,,True,"['нет плашки истории руководителей', 'арбитражных дел не больше 5', 'выручка положительная', 'прибыль положительная', 'нет сайта или почты']"
"ООО ""Нольте Сервис""",https://www.rusprofile.ru/id/7240837,,,20.05.2014,с 7 апреля 2016 г.,True,1,316000000,17000000,smorgunova@bk.ru,nolte-kuechen.ru,False,"['арбитражных дел не больше 5', 'выручка положительная', 'прибыль положительная']"
"ООО ""Спинекс""",https://www.rusprofile.ru/id/1237800097798,,,29.08.2023,с 13 ноября 2025 г.,True,4,320000000,60000000,spinexpumps@inbox.ru,,False,"['арбитражных дел не больше 5', 'выручка положительная', 'прибыль положительная', 'нет сайта или почты']"
"ООО ""Ярус ВСМ""",https://www.rusprofile.ru/id/11086369,,,13.07.2017,с 10 ноября 2025 г.,True,3,1700000000,236000000,,,False,"['арбитражных дел не больше 5', 'выручка положительная', 'прибыль положительная', 'нет сайта или почты']"
"ООО ""Техланд""",https://www.rusprofile.ru/id/10823684,,,21.12.2016,с 21 декабря 2016 г.,False,12,831000000,2300000,info@tekhland.ru,www.tekhland.ru,False,"['нет плашки истории руководителей', 'выручка положительная', 'прибыль положительная']"
"ООО ""Диэлком-Эк""",https://www.rusprofile.ru/id/11632233,,,28.11.2018,с 28 ноября 2018 г.,False,1,310000000,10000000,,,True,"['нет плашки истории руководителей', 'арбитражных дел не больше 5', 'выручка положительная', 'прибыль положительная', 'нет сайта или почты']"
"ООО ""В-Дистрибьюшн""",https://www.rusprofile.ru/id/1237700372788,,,26.05.2023,с 1 июля 2025 г.,True,21,854000000,9000000,,,False,"['выручка положительная', 'прибыль положительная', 'нет сайта или почты']"
"ООО ""Симэнерджи""",https://www.rusprofile.ru/id/1227700608860,,,26.09.2022,с 19 октября 2022 г.,True,0,444000000,13000000,,,False,"['арбитражных дел не больше 5', 'выручка положительная', 'прибыль положительная', 'нет сайта или почты']"
"ООО ""Буэна Вида""",https://www.rusprofile.ru/id/11768012,,,19.04.2019,с 1 апреля 2025 г.,True,0,302000000,37000000,valeriya.bestuzheva@mail.ru,buena-vida.ru,False,"['арбитражных дел не больше 5', 'выручка положительная', 'прибыль положительная']"
"ООО ""КС""",https://www.rusprofile.ru/id/1227700334751,,,08.06.2022,с 8 июня 2022 г.,False,7,5100000000,-23000000,ragulin-rp@yandex.ru,,False,"['нет плашки истории руководителей', 'выручка положительная', 'нет сайта или почты']"
"ООО ""ЛЕВ""",https://www.rusprofile.ru/id/1237700418768,,,19.06.2023,с 28 ноября 2023 г.,True,0,518000000,8000000,,,False,"['арбитражных дел не больше 5', 'выручка положительная', 'прибыль положительная', 'нет сайта или почты']"
"ООО ""ИЗК""",https://www.rusprofile.ru/id/1237700324993,,,03.05.2023,с 3 мая 2023 г.,False,0,1100000000,11000000,,,True,"['нет плашки истории руководителей', 'арбитражных дел не больше 5', 'выручка положительная', 'прибыль положительная', 'нет сайта или почты']"
"ООО ""ТД НСЗ""",https://www.rusprofile.ru/id/1207700154298,,,16.04.2020,с 25 апреля 2023 г.,True,3,4500000000,1200000000,,tdnsz.ru,False,"['арбитражных дел не больше 5', 'выручка положительная', 'прибыль положительная', 'нет сайта или почты']"
"ООО ""Свитбэби""",https://www.rusprofile.ru/id/1207700447932,,,24.11.2020,с 9 декабря 2025 г.,True,5,1100000000,17000000,info@sweet-baby.eu,,False,"['арбитражных дел не больше 5', 'выручка положительная', 'прибыль положительная', 'нет сайта или почты']"
"ООО ""БКВ Металл""",https://www.rusprofile.ru/id/1227700575277,,,14.09.2022,с 14 сентября 2022 г.,False,18,3000000000,-112000000,serkerov_a@bkv-metal.ru,bkv-metal.ru,False,"['нет плашки истории руководителей', 'выручка положительная']"
"ООО ""Слава""",https://www.rusprofile.ru/id/1217700547965,,,16.11.2021,с 16 ноября 2021 г.,False,6,3600000000,46000,info@v-opt.ru,v-opt.ru,False,"['нет плашки истории руководителей', 'выручка положительная', 'прибыль положительная']"
"ООО ""Итатех""",https://www.rusprofile.ru/id/1227800066955,,,27.05.2022,с 27 мая 2022 г.,False,1,1100000000,142000000,89213342260@mail.ru,,True,"['нет плашки истории руководителей', 'арбитражных дел не больше 5', 'выручка положительная', 'прибыль положительная', 'нет сайта или почты']"
"ООО ""Импэкс""",https://www.rusprofile.ru/id/11942064,,,22.11.2019,с 22 ноября 2019 г.,False,0,321000000,5600000,,,True,"['нет плашки истории руководителей', 'арбитражных дел не больше 5', 'выручка положительная', 'прибыль положительная', 'нет сайта или почты']"
"ООО ""Энергопром Импэкс""",https://www.rusprofile.ru/id/1247700180254,,,21.02.2024,с 17 февраля 2026 г.,True,0,573000000,7100000,,,False,"['арбитражных дел не больше 5', 'выручка положительная', 'прибыль положительная', 'нет сайта или почты']"
"ООО ""АТТ""",https://www.rusprofile.ru/id/1217800201629,,,27.12.2021,с 27 декабря 2021 г.,False,2,2200000000,300000000,m.polenkova@armtel.com,armtel.com,False,"['нет плашки истории руководителей', 'арбитражных дел не больше 5', 'выручка положительная', 'прибыль положительная']"
"ООО ""Назар""",https://www.rusprofile.ru/id/1237700483877,,,19.07.2023,с 19 июля 2023 г.,False,0,944000000,225000,davnovteme95@gmail.com,,True,"['нет плашки истории руководителей', 'арбитражных дел не больше 5', 'выручка положительная', 'прибыль положительная', 'нет сайта или почты']"
"ООО ""Паквелл""",https://www.rusprofile.ru/id/11447492,,,23.05.2018,с 23 мая 2018 г.,False,8,730000000,2900000,lessandreas@gmail.com,pack-well.ru,False,"['нет плашки истории руководителей', 'выручка положительная', 'прибыль положительная']"
"ООО ""СБР Плюс""",https://www.rusprofile.ru/id/1247700759668,,,22.11.2024,с 23 марта 2026 г.,True,0,322000000,1300000,infostroi66@mail.ru,,False,"['арбитражных дел не больше 5', 'выручка положительная', 'прибыль положительная', 'нет сайта или почты']"
"ООО ""Линпак Трейдинг Рус""",https://www.rusprofile.ru/id/10540046,,,04.07.2016,с 4 июля 2016 г.,False,15,1400000000,83000000,zoya.safronova@kpfilms.com,kpfilms.com,False,"['нет плашки истории руководителей', 'выручка положительная', 'прибыль положительная']"
"ООО ""ММ Компонент""",https://www.rusprofile.ru/id/3459205,,,25.05.2010,с 25 мая 2010 г.,False,2,347000000,9800000,semenova@makmart.spb.ru,makmart.ru,False,"['нет плашки истории руководителей', 'арбитражных дел не больше 5', 'выручка положительная', 'прибыль положительная']"
"ООО ""Интехснаб""",https://www.rusprofile.ru/id/10361156,,,18.02.2016,с 18 февраля 2016 г.,False,3,1100000000,155000000,info@intechsnab.com,intechsnab.ru,False,"['нет плашки истории руководителей', 'арбитражных дел не больше 5', 'выручка положительная', 'прибыль положительная']"
"ООО ""Трейд Маркет""",https://www.rusprofile.ru/id/1217800192576,,,13.12.2021,с 13 декабря 2021 г.,False,0,585000000,34000000,sales@grando-russia.ru,,True,"['нет плашки истории руководителей', 'арбитражных дел не больше 5', 'выручка положительная', 'прибыль положительная', 'нет сайта или почты']"
"ООО ""Прайд""",https://www.rusprofile.ru/id/11549343,,,05.09.2018,с 5 сентября 2018 г.,False,51,484000000,25000000,,ooo-pride.ru,False,"['нет плашки истории руководителей', 'выручка положительная', 'прибыль положительная', 'нет сайта или почты']"
"НАО ""Хаус Рус""",https://www.rusprofile.ru/id/1227700467180,,,03.08.2022,с 14 октября 2022 г.,True,3,854000000,49000000,,,False,"['арбитражных дел не больше 5', 'выручка положительная', 'прибыль положительная', 'нет сайта или почты']"
"ООО ""ЧИЗ""",https://www.rusprofile.ru/id/11151378,,,05.09.2017,с 2 июля 2025 г.,True,41,362000000,50000000,info@ooochiz.ru,ooochiz.ru,False,"['выручка положительная', 'прибыль положительная']"
"ООО ""Всп98""",https://www.rusprofile.ru/id/1237800100482,,,05.09.2023,,False,3,372000000,3600000,vsp@vsp98.ru,vsp98.ru,False,"['нет плашки истории руководителей', 'арбитражных дел не больше 5', 'выручка положительная', 'прибыль положительная']"
"ООО ""Галактика""",https://www.rusprofile.ru/id/1217700215974,,,04.05.2021,с 4 мая 2021 г.,False,1,1300000000,81000000,accounting@aerocomponents.ru,aerocomponents.ru,False,"['нет плашки истории руководителей', 'арбитражных дел не больше 5', 'выручка положительная', 'прибыль положительная']"
"ООО ""Мармит""",https://www.rusprofile.ru/id/1217800020184,,,11.02.2021,с 11 февраля 2021 г.,False,0,805000000,-11000000,marmitspb@gmail.com,,False,"['нет плашки истории руководителей', 'арбитражных дел не больше 5', 'выручка положительная', 'нет сайта или почты']"
"ООО ""Союзстройдеталь""",https://www.rusprofile.ru/id/11512517,,,24.07.2018,с 24 июля 2018 г.,False,4,866000000,15000000,info@ssd.su,,True,"['нет плашки истории руководителей', 'арбитражных дел не больше 5', 'выручка положительная', 'прибыль положительная', 'нет сайта или почты']"
"ООО ""Вершина Грин""",https://www.rusprofile.ru/id/1247700380421,,,22.05.2024,с 22 мая 2024 г.,False,7,327000000,20000000,murinova@yandex.ru,,False,"['нет плашки истории руководителей', 'выручка положительная', 'прибыль положительная', 'нет сайта или почты']"
"ООО ""СПП РЦ""",https://www.rusprofile.ru/id/1237700800589,,,20.11.2023,с 20 ноября 2023 г.,False,1,338000000,2200000,sppretailcenter@yandex.ru,,True,"['нет плашки истории руководителей', 'арбитражных дел не больше 5', 'выручка положительная', 'прибыль положительная', 'нет сайта или почты']"
"ООО ""Бютиси""",https://www.rusprofile.ru/id/1247700354670,,,03.05.2024,с 3 мая 2024 г.,False,1,1200000000,399000,bountysea.co@gmail.com,,True,"['нет плашки истории руководителей', 'арбитражных дел не больше 5', 'выручка положительная', 'прибыль положительная', 'нет сайта или почты']"
"ООО ""ГТК""",https://www.rusprofile.ru/id/1247700258266,,,22.03.2024,с 22 марта 2024 г.,False,6,41000000000,340000000,globaltradingcom@yandex.ru,,False,"['нет плашки истории руководителей', 'выручка положительная', 'прибыль положительная', 'нет сайта или почты']"
"ООО ""Евроспецкомплект""",https://www.rusprofile.ru/id/11884821,,,12.09.2019,с 7 ноября 2019 г.,True,0,416000000,1400000,info@euroskm.ru,euroskm.com,False,"['арбитражных дел не больше 5', 'выручка положительная', 'прибыль положительная']"
"ООО ""Лаквент""",https://www.rusprofile.ru/id/1237700845315,,,04.12.2023,с 4 декабря 2023 г.,False,1,308000000,3000,lakvent65451@rambler.ru,,True,"['нет плашки истории руководителей', 'арбитражных дел не больше 5', 'выручка положительная', 'прибыль положительная', 'нет сайта или почты']"
"ООО ""Энергодрайв""",https://www.rusprofile.ru/id/1227700460987,,,02.08.2022,с 17 января 2025 г.,True,1,21000000000,110000000,,,False,"['арбитражных дел не больше 5', 'выручка положительная', 'прибыль положительная', 'нет сайта или почты']"
"ООО ""Смарт-Эк""",https://www.rusprofile.ru/id/1237800058770,,,22.05.2023,с 22 мая 2023 г.,False,0,651000000,16000000,info@smart-ek.ru,,True,"['нет плашки истории руководителей', 'арбитражных дел не больше 5', 'выручка положительная', 'прибыль положительная', 'нет сайта или почты']"
"ООО ""Стрим Стретч""",https://www.rusprofile.ru/id/11799651,,,29.05.2019,с 29 мая 2019 г.,False,17,1100000000,151000000,,,False,"['нет плашки истории руководителей', 'выручка положительная', 'прибыль положительная', 'нет сайта или почты']"
"ООО ""Новэм""",https://www.rusprofile.ru/id/11550745,,,05.09.2018,с 5 сентября 2018 г.,False,5,455000000,11000000,alex@uni-west.ru,тд-юнивест.рф,False,"['нет плашки истории руководителей', 'арбитражных дел не больше 5', 'выручка положительная', 'прибыль положительная']"
"ООО ""Технологии Здоровья и Красоты""",https://www.rusprofile.ru/id/1217700470877,,,05.10.2021,с 5 октября 2021 г.,False,3,470000000,7100000,tzk211@gmail.com,,True,"['нет плашки истории руководителей', 'арбитражных дел не больше 5', 'выручка положительная', 'прибыль положительная', 'нет сайта или почты']"
"ООО ""Энерджи Тулс""",https://www.rusprofile.ru/id/1247700512663,,,24.07.2024,с 24 июля 2024 г.,False,0,453000000,52000000,skoromn@gmail.com,,True,"['нет плашки истории руководителей', 'арбитражных дел не больше 5', 'выручка положительная', 'прибыль положительная', 'нет сайта или почты']"
"АО ""АВХ""",https://www.rusprofile.ru/id/1247700551911,,,15.08.2024,с 18 июля 2025 г.,True,2,3500000000,605000000,,,False,"['арбитражных дел не больше 5', 'выручка положительная', 'прибыль положительная', 'нет сайта или почты']"
"ООО ""ТД Вакумпак""",https://www.rusprofile.ru/id/11922837,,,30.10.2019,с 17 января 2024 г.,True,24,766000000,42000000,,,False,"['выручка положительная', 'прибыль положительная', 'нет сайта или почты']"
"ООО ""Адватех Инжиниринг""",https://www.rusprofile.ru/id/7109878,,,01.10.2013,с 1 октября 2013 г.,True,1,802000000,107000000,info@advateh.ru,advateh.ru,False,"['арбитражных дел не больше 5', 'выручка положительная', 'прибыль положительная']"
"ООО ""Велл""",https://www.rusprofile.ru/id/11783635,,,07.05.2019,с 4 июня 2021 г.,True,4,724000000,-21000000,,well.ru,False,"['арбитражных дел не больше 5', 'выручка положительная', 'нет сайта или почты']"
"ООО ""Айс-М""",https://www.rusprofile.ru/id/2296080,,,11.02.2009,с 16 февраля 2010 г.,False,45,371000000,24000000,,ilyina.ru,False,"['нет плашки истории руководителей', 'выручка положительная', 'прибыль положительная', 'нет сайта или почты']"
"ООО ""Импорт-Трейд""",https://www.rusprofile.ru/id/1247700529735,,,05.08.2024,с 5 августа 2024 г.,False,0,300000000,20000000,,,True,"['нет плашки истории руководителей', 'арбитражных дел не больше 5', 'выручка положительная', 'прибыль положительная', 'нет сайта или почты']"
"ООО ""Агора""",https://www.rusprofile.ru/id/1247700532496,,,06.08.2024,с 6 августа 2024 г.,False,0,704000000,4400000,igorudovickij1@gmail.com,,True,"['нет плашки истории руководителей', 'арбитражных дел не больше 5', 'выручка положительная', 'прибыль положительная', 'нет сайта или почты']"
"ООО ""Парсек""",https://www.rusprofile.ru/id/1237800036286,,,28.03.2023,с 28 марта 2023 г.,False,0,362000000,41000000,d131243@yandex.ru,,True,"['нет плашки истории руководителей', 'арбитражных дел не больше 5', 'выручка положительная', 'прибыль положительная', 'нет сайта или почты']"
"ООО ""Абт-Групп""",https://www.rusprofile.ru/id/10790325,,,06.12.2016,с 6 декабря 2016 г.,False,20,918000000,1600000,forward@abt-group.su,,False,"['нет плашки истории руководителей', 'выручка положительная', 'прибыль положительная', 'нет сайта или почты']"
"ООО ""Элтком""",https://www.rusprofile.ru/id/7679460,,,05.05.2015,с 5 мая 2015 г.,False,10,1300000000,77000000,byh@eltcom.ru,eltcom.ru,False,"['нет плашки истории руководителей', 'выручка положительная', 'прибыль положительная']"
"АО ""НИЦ ТСО""",https://www.rusprofile.ru/id/1247700696760,,,22.10.2024,с 22 октября 2024 г.,False,9,2300000000,57000000,itso@siber.ru,,False,"['нет плашки истории руководителей', 'выручка положительная', 'прибыль положительная', 'нет сайта или почты']"
"ООО ""Триумф""",https://www.rusprofile.ru/id/1247700391069,,,27.05.2024,с 27 мая 2024 г.,False,0,599000000,7200000,,,True,"['нет плашки истории руководителей', 'арбитражных дел не больше 5', 'выручка положительная', 'прибыль положительная', 'нет сайта или почты']"
"ООО ""КФК Систем""",https://www.rusprofile.ru/id/1207700365168,,,02.10.2020,с 2 октября 2020 г.,False,64,1300000000,16000000,,,False,"['нет плашки истории руководителей', 'выручка положительная', 'прибыль положительная', 'нет сайта или почты']"
"ООО ТД ""Оптторг""",https://www.rusprofile.ru/id/1227700081179,,,17.02.2022,с 12 августа 2024 г.,True,1,879000000,17000000,info@gc-sm.com,www.gc-sm.com,False,"['арбитражных дел не больше 5', 'выручка положительная', 'прибыль положительная']"
"ООО ""Северпром""",https://www.rusprofile.ru/id/1217700346951,,,23.07.2021,с 13 февраля 2026 г.,True,0,468000000,15000000,info@severprom.msk.ru,msk.ru,False,"['арбитражных дел не больше 5', 'выручка положительная', 'прибыль положительная']"
"ООО ""Биопепт""",https://www.rusprofile.ru/id/1227800083565,,,30.06.2022,с 30 июня 2022 г.,False,0,827000000,169000,biopept@mail.ru,,True,"['нет плашки истории руководителей', 'арбитражных дел не больше 5', 'выручка положительная', 'прибыль положительная', 'нет сайта или почты']"
"ООО ""Упиком""",https://www.rusprofile.ru/id/1227700302532,,,26.05.2022,с 26 мая 2022 г.,False,0,544000000,88000000,,,True,"['нет плашки истории руководителей', 'арбитражных дел не больше 5', 'выручка положительная', 'прибыль положительная', 'нет сайта или почты']"
"ООО ""Кей Кью""",https://www.rusprofile.ru/id/1227700771715,,,18.11.2022,с 10 февраля 2026 г.,True,0,465000000,-29000000,niko@kaiquan.com.cn,,False,"['арбитражных дел не больше 5', 'выручка положительная', 'нет сайта или почты']"
"ООО ""ТД Техгоркомплект""",https://www.rusprofile.ru/id/1237800070859,,,19.06.2023,с 19 июня 2023 г.,False,1,3600000000,25000000,,,True,"['нет плашки истории руководителей', 'арбитражных дел не больше 5', 'выручка положительная', 'прибыль положительная', 'нет сайта или почты']"
"ООО ""Креатив Декор""",https://www.rusprofile.ru/id/11967207,,,24.12.2019,с 24 декабря 2019 г.,False,0,1100000000,13000000,creativdecor@mail.ru,,True,"['нет плашки истории руководителей', 'арбитражных дел не больше 5', 'выручка положительная', 'прибыль положительная', 'нет сайта или почты']"
"ООО ""Снабженец""",https://www.rusprofile.ru/id/1237700368003,,,24.05.2023,с 24 мая 2023 г.,False,5,977000000,53000000,snab.yulia@yandex.ru,,True,"['нет плашки истории руководителей', 'арбитражных дел не больше 5', 'выручка положительная', 'прибыль положительная', 'нет сайта или почты']"
"ООО ""Офис Кит""",https://www.rusprofile.ru/id/1207700326745,,,07.09.2020,с 7 сентября 2020 г.,False,2,639000000,-13000000,,,False,"['нет плашки истории руководителей', 'арбитражных дел не больше 5', 'выручка положительная', 'нет сайта или почты']"
"ООО ""Призмикс""",https://www.rusprofile.ru/id/11423049,,,25.04.2018,с 5 апреля 2023 г.,True,3,587000000,14000000,info@prizmix.ru,prizmix.ru,False,"['арбитражных дел не больше 5', 'выручка положительная', 'прибыль положительная']"
"ООО ""КБС-Логистик""",https://www.rusprofile.ru/id/1227700468192,,,04.08.2022,с 7 сентября 2023 г.,True,2,28000000000,-148000000,,,False,"['арбитражных дел не больше 5', 'выручка положительная', 'нет сайта или почты']"
"ООО ""Стройспб""",https://www.rusprofile.ru/id/1247700397889,,,29.05.2024,с 29 мая 2024 г.,False,0,689000000,2400000,annarozdestvina472@gmail.com,,True,"['нет плашки истории руководителей', 'арбитражных дел не больше 5', 'выручка положительная', 'прибыль положительная', 'нет сайта или почты']"
"ООО ""Лубри Груп""",https://www.rusprofile.ru/id/11499668,,,10.07.2018,с 10 июля 2018 г.,False,7,892000000,-91000000,info@lubrigroup.ru,lubrigard.ru,False,"['нет плашки истории руководителей', 'выручка положительная']"
"ООО ""Арман Интегратор""",https://www.rusprofile.ru/id/1217800137818,,,07.09.2021,,False,1,936000000,29000000,m.polenkova@armtel.com,,True,"['нет плашки истории руководителей', 'арбитражных дел не больше 5', 'выручка положительная', 'прибыль положительная', 'нет сайта или почты']"
"ООО ""Рикс""",https://www.rusprofile.ru/id/10306107,,,14.01.2016,с 14 января 2016 г.,False,17,2200000000,6500000,albor-1@mail.ru,,False,"['нет плашки истории руководителей', 'выручка положительная', 'прибыль положительная', 'нет сайта или почты']"
"ООО ""ЕПМ""",https://www.rusprofile.ru/id/1237700387275,,,02.06.2023,с 2 июня 2023 г.,False,8,611000000,7300000,info@epm.ru,,False,"['нет плашки истории руководителей', 'выручка положительная', 'прибыль положительная', 'нет сайта или почты']"
"ООО ""Алоком""",https://www.rusprofile.ru/id/1237700601786,,,12.09.2023,с 27 ноября 2025 г.,True,1,2200000000,-67000000,,,False,"['арбитражных дел не больше 5', 'выручка положительная', 'нет сайта или почты']"
"ООО ""Грейд""",https://www.rusprofile.ru/id/1237700484779,,,19.07.2023,с 1 декабря 2025 г.,True,0,733000000,40000000,,,False,"['арбитражных дел не больше 5', 'выручка положительная', 'прибыль положительная', 'нет сайта или почты']"
"ООО ""Компания РМ""",https://www.rusprofile.ru/id/1207700028117,,,28.01.2020,с 28 января 2020 г.,False,4,1100000000,23000000,info@gala-print.ru,gala-print.ru,False,"['нет плашки истории руководителей', 'арбитражных дел не больше 5', 'выручка положительная', 'прибыль положительная']"
"ООО ""ТД ""Технохолод-Мастер""",https://www.rusprofile.ru/id/6965942,,,23.07.2013,с 23 июля 2013 г.,False,4,402000000,3000000,buh-kcp@mail.ru,tehnoholod.org,False,"['нет плашки истории руководителей', 'арбитражных дел не больше 5', 'выручка положительная', 'прибыль положительная']"
"ООО ""Авис Групп""",https://www.rusprofile.ru/id/1217700559823,,,22.11.2021,с 22 ноября 2021 г.,False,0,325000000,3500000,avis.grup@yandex.ru,,True,"['нет плашки истории руководителей', 'арбитражных дел не больше 5', 'выручка положительная', 'прибыль положительная', 'нет сайта или почты']"
"ООО ""Русско""",https://www.rusprofile.ru/id/1227700209043,,,11.04.2022,с 28 сентября 2022 г.,True,0,906000000,32000000,yup764@gmail.com,,False,"['арбитражных дел не больше 5', 'выручка положительная', 'прибыль положительная', 'нет сайта или почты']"
"ООО ""Альфаоптторг""",https://www.rusprofile.ru/id/1217700154253,,,02.04.2021,с 6 июня 2024 г.,True,4,1400000000,100000000,,,False,"['арбитражных дел не больше 5', 'выручка положительная', 'прибыль положительная', 'нет сайта или почты']"
"ООО ""СМТ""",https://www.rusprofile.ru/id/11964777,,,20.12.2019,с 20 декабря 2019 г.,False,7,1200000000,162000000,,,False,"['нет плашки истории руководителей', 'выручка положительная', 'прибыль положительная', 'нет сайта или почты']"
"ООО ""Скгаз""",https://www.rusprofile.ru/id/1247700188614,,,26.02.2024,с 26 февраля 2024 г.,False,3,1000000000,16000000,info@mezler.ru,mezler.ru,False,"['нет плашки истории руководителей', 'арбитражных дел не больше 5', 'выручка положительная', 'прибыль положительная']"
"ООО ""Нарлюкс""",https://www.rusprofile.ru/id/11804734,,,04.06.2019,с 4 июня 2019 г.,False,1,419000000,8500000,,,True,"['нет плашки истории руководителей', 'арбитражных дел не больше 5', 'выручка положительная', 'прибыль положительная', 'нет сайта или почты']"
"ООО ""ТПК Вега""",https://www.rusprofile.ru/id/1237700112825,,,10.02.2023,с 1 апреля 2025 г.,True,12,498000000,10000000,vegashab2023@mail.ru,,False,"['выручка положительная', 'прибыль положительная', 'нет сайта или почты']"
"ООО ""Шаллер""",https://www.rusprofile.ru/id/11499608,,,10.07.2018,с 10 июля 2018 г.,False,1,371000000,112000000,12703@mail.ru,,True,"['нет плашки истории руководителей', 'арбитражных дел не больше 5', 'выручка положительная', 'прибыль положительная', 'нет сайта или почты']"
"ООО ""МС""",https://www.rusprofile.ru/id/11728451,,,13.03.2019,с 13 марта 2019 г.,False,0,465000000,44000000,,,True,"['нет плашки истории руководителей', 'арбитражных дел не больше 5', 'выручка положительная', 'прибыль положительная', 'нет сайта или почты']"
"ООО ""Ветактив""",https://www.rusprofile.ru/id/1237700522058,,,04.08.2023,с 4 августа 2023 г.,False,3,4500000000,1100000000,,,True,"['нет плашки истории руководителей', 'арбитражных дел не больше 5', 'выручка положительная', 'прибыль положительная', 'нет сайта или почты']"
"ООО ""Фортуна""",https://www.rusprofile.ru/id/1247700621497,,,17.09.2024,с 17 сентября 2024 г.,False,0,543000000,3900000,pulikoff.al@yandex.ru,,True,"['нет плашки истории руководителей', 'арбитражных дел не больше 5', 'выручка положительная', 'прибыль положительная', 'нет сайта или почты']"
"ООО ""Террамак""",https://www.rusprofile.ru/id/1207700449802,,,24.11.2020,с 24 ноября 2020 г.,False,0,649000000,40000000,doc@terramak.ru,terramak.ru,False,"['нет плашки истории руководителей', 'арбитражных дел не больше 5', 'выручка положительная', 'прибыль положительная']"
"ООО ""Бум Техно""",https://www.rusprofile.ru/id/10880649,,,08.02.2017,с 8 февраля 2017 г.,False,2,1300000000,126000000,bumt@bumt.spb.ru,bumtechno.ru,False,"['нет плашки истории руководителей', 'арбитражных дел не больше 5', 'выручка положительная', 'прибыль положительная']"
"ООО ""Руспроф""",https://www.rusprofile.ru/id/1237700472987,,,13.07.2023,,True,0,382000000,6600000,,,False,"['арбитражных дел не больше 5', 'выручка положительная', 'прибыль положительная', 'нет сайта или почты']"
"ООО ""Фунда""",https://www.rusprofile.ru/id/11546301,,,31.08.2018,с 31 августа 2018 г.,False,3,535000000,7800000,funda7725@yandex.ru,,True,"['нет плашки истории руководителей', 'арбитражных дел не больше 5', 'выручка положительная', 'прибыль положительная', 'нет сайта или почты']"
"ООО ""Палмер""",https://www.rusprofile.ru/id/1247800065237,,,28.06.2024,с 19 января 2026 г.,True,1,367000000,1900000,,,False,"['арбитражных дел не больше 5', 'выручка положительная', 'прибыль положительная', 'нет сайта или почты']"
"ООО ""Баститрейд""",https://www.rusprofile.ru/id/1237800128752,,,10.11.2023,с 10 ноября 2023 г.,False,0,513000000,986000,,,True,"['нет плашки истории руководителей', 'арбитражных дел не больше 5', 'выручка положительная', 'прибыль положительная', 'нет сайта или почты']"
"ООО ""Сфера""",https://www.rusprofile.ru/id/11310925,,,25.01.2018,с 4 апреля 2023 г.,True,0,732000000,89000000,,,False,"['арбитражных дел не больше 5', 'выручка положительная', 'прибыль положительная', 'нет сайта или почты']"
"ООО ""Тэмп""",https://www.rusprofile.ru/id/1247800092737,,,17.09.2024,с 17 сентября 2024 г.,False,0,398000000,55000000,,,True,"['нет плашки истории руководителей', 'арбитражных дел не больше 5', 'выручка положительная', 'прибыль положительная', 'нет сайта или почты']"
"ООО ""Компания ТНД""",https://www.rusprofile.ru/id/3263117,,,26.03.2007,с 1 декабря 2009 г.,False,1,330000000,5400000,rabota@ktnd.ru,ventstroy.ru,False,"['нет плашки истории руководителей', 'арбитражных дел не больше 5', 'выручка положительная', 'прибыль положительная']"
"ООО ""Фратер""",https://www.rusprofile.ru/id/1247800067294,,,04.07.2024,с 4 июля 2024 г.,False,0,2100000000,197000000,frater00@list.ru,,True,"['нет плашки истории руководителей', 'арбитражных дел не больше 5', 'выручка положительная', 'прибыль положительная', 'нет сайта или почты']"
"ООО ""Фурском""",https://www.rusprofile.ru/id/1227700477674,,,08.08.2022,с 8 августа 2022 г.,False,0,349000000,547000,,,True,"['нет плашки истории руководителей', 'арбитражных дел не больше 5', 'выручка положительная', 'прибыль положительная', 'нет сайта или почты']"
"ООО ""СМП-Сервис""",https://www.rusprofile.ru/id/1247700262930,,,25.03.2024,с 26 ноября 2025 г.,True,0,5500000000,-56000000,,,False,"['арбитражных дел не больше 5', 'выручка положительная', 'нет сайта или почты']"
"ООО ""Интер""",https://www.rusprofile.ru/id/1227700195612,,,05.04.2022,с 5 апреля 2022 г.,False,2,4099999999,32000000,,,True,"['нет плашки истории руководителей', 'арбитражных дел не больше 5', 'выручка положительная', 'прибыль положительная', 'нет сайта или почты']"
"ООО ""Ава-Сервис""",https://www.rusprofile.ru/id/1227800164734,,,20.12.2022,с 20 декабря 2022 г.,False,0,366000000,26000000,,,True,"['нет плашки истории руководителей', 'арбитражных дел не больше 5', 'выручка положительная', 'прибыль положительная', 'нет сайта или почты']"
"ООО ТД ""РЗКК""",https://www.rusprofile.ru/id/1227700734788,,,09.11.2022,с 9 ноября 2022 г.,False,1,1100000000,10000000,td-rzkk@mail.ru,,True,"['нет плашки истории руководителей', 'арбитражных дел не больше 5', 'выручка положительная', 'прибыль положительная', 'нет сайта или почты']"
